Id,Player Rating
M00001_P00055,5.991566839628032
M00001_P00057,0.0
M00001_P00059,6.26383474957683
M00001_P00064,0.0
M00001_P00066,7.176426399681622
M00001_P00071,6.498577469617751
M00001_P00077,0.0
M00001_P01223,0.0
M00001_P01234,0.0
M00001_P01236,0.0
M00001_P01241,6.263363304817543
M00001_P01242,0.0
M00002_P00136,7.14443730513297
M00002_P00141,7.009882541320509
M00002_P00148,0.0
M00002_P00156,6.259408350427901
M00002_P00625,0.0
M00002_P00630,6.247542883099744
M00002_P00632,6.366495875271393
M00002_P00635,6.349740695931078
M00002_P00644,0.0
M00002_P00645,0.0
M00002_P00650,6.627544743710551
M00003_P01020,6.696731876582391
M00003_P01034,6.022219753645906
M00003_P01037,6.081981257620628
M00003_P01038,6.044038316775545
M00003_P01041,5.8767500814055715
M00003_P01042,0.0
M00003_P01048,5.954706727677451
M00003_P01049,0.0
M00003_P01051,0.0
M00003_P01055,0.0
M00003_P01063,6.0754453582331305
M00003_P01064,5.875883802782137
M00004_P00108,0.0
M00004_P00110,0.0
M00004_P00114,6.979315920381896
M00004_P00124,6.255334857193077
M00004_P00129,5.895297734866324
M00004_P01177,6.336275014441996
M00004_P01182,6.013673017198309
M00004_P01184,0.0
M00004_P01193,6.027733576434067
M00004_P01196,6.794610489274236
M00005_P00136,7.09712081976214
M00005_P00141,7.113548398122123
M00005_P00148,0.0
M00005_P00156,0.0
M00005_P00478,5.846425849414597
M00005_P00479,6.835214648954155
M00005_P00486,0.0
M00005_P00491,0.0
M00006_P00443,0.0
M00006_P00448,6.022980736576033
M00006_P00452,0.0
M00006_P00462,6.5178483469985835
M00006_P00463,6.793251157785464
M00006_P00465,6.392944876778721
M00006_P00468,6.357021394805807
M00006_P00625,0.0
M00006_P00630,0.0
M00006_P00632,6.231492598963038
M00006_P00635,6.430066646935863
M00006_P00644,5.9502149206449815
M00006_P00645,0.0
M00006_P00650,6.003705254883609
M00007_P00266,6.080514657364104
M00007_P00271,6.269635630056711
M00007_P00278,6.735290930104972
M00007_P00286,0.0
M00007_P00625,0.0
M00007_P00630,0.0
M00007_P00632,6.372474786518918
M00007_P00635,6.425552020688956
M00007_P00644,0.0
M00007_P00645,7.294509600623716
M00007_P00650,6.398217451803456
M00008_P00443,6.254669602845268
M00008_P00448,0.0
M00008_P00452,0.0
M00008_P00462,6.7802895221164645
M00008_P00463,0.0
M00008_P00465,6.275604002372713
M00008_P00468,6.256610803176576
M00008_P01099,6.326941153451611
M00008_P01107,6.065291166587696
M00008_P01108,0.0
M00008_P01109,0.0
M00008_P01114,6.495919716731146
M00008_P01118,6.470333275551156
M00009_P00991,0.0
M00009_P00993,5.888382549053932
M00009_P00997,5.806660389994504
M00009_P01000,0.0
M00009_P01010,6.192756225435585
M00009_P01070,0.0
M00009_P01074,0.0
M00009_P01082,0.0
M00010_P00266,0.0
M00010_P00271,6.348259360365429
M00010_P00278,0.0
M00010_P00286,0.0
M00010_P00782,0.0
M00010_P00786,0.0
M00010_P00788,6.9276265797453584
M00010_P00797,6.541702715459802
M00010_P00803,6.375699919941377
M00011_P01041,0.0
M00011_P01042,0.0
M00011_P01048,0.0
M00011_P01049,7.055250824078626
M00011_P01051,6.208598201154839
M00011_P01055,5.897987978334623
M00011_P01063,5.888590767573566
M00011_P01064,0.0
M00011_P01177,0.0
M00011_P01182,6.016277907584882
M00011_P01184,6.238593300098363
M00011_P01193,6.033109060502195
M00011_P01196,0.0
M00012_P00529,6.051865519906857
M00012_P00535,5.936711395284359
M00012_P00536,5.972132627504774
M00012_P00542,0.0
M00012_P00543,0.0
M00012_P01120,0.0
M00013_P00055,5.859935715251181
M00013_P00057,5.86244030071072
M00013_P00059,0.0
M00013_P00064,0.0
M00013_P00066,0.0
M00013_P00071,6.353733708509552
M00013_P00077,6.709471337507964
M00013_P00368,6.016267169496928
M00013_P00372,0.0
M00013_P00378,0.0
M00013_P00382,0.0
M00013_P00383,6.01915202879634
M00014_P00108,5.817889295342264
M00014_P00110,0.0
M00014_P00114,6.727260377516853
M00014_P00124,0.0
M00014_P00129,0.0
M00014_P00443,0.0
M00014_P00448,5.95389469771987
M00014_P00452,0.0
M00014_P00462,6.272864632336461
M00014_P00463,0.0
M00014_P00465,6.115290041504766
M00014_P00468,6.740909335071129
M00015_P00345,5.872197217347259
M00015_P00347,6.257476039751704
M00015_P00351,0.0
M00015_P00353,5.89183393959751
M00015_P00359,6.243706300415989
M00015_P00362,5.881931437337552
M00015_P01099,6.225367135816704
M00015_P01107,5.887480719420084
M00015_P01108,0.0
M00015_P01109,6.470185149521719
M00015_P01114,0.0
M00015_P01118,0.0
M00016_P00761,0.0
M00016_P00772,5.880256900472963
M00016_P01070,6.018345084970764
M00016_P01074,6.326111209225477
M00016_P01082,0.0
M00017_P00209,0.0
M00017_P00210,0.0
M00017_P00211,5.858661124529265
M00017_P00219,0.0
M00017_P00221,0.0
M00017_P00222,6.241501956510933
M00017_P00232,6.159431819452136
M00017_P00234,7.032482110939393
M00017_P00423,6.738573255572232
M00017_P00424,0.0
M00017_P00425,0.0
M00017_P00426,5.873753420075514
M00017_P00431,0.0
M00017_P00436,0.0
M00017_P00440,6.244510806970543
M00018_P00965,0.0
M00018_P00966,0.0
M00018_P00975,0.0
M00018_P00978,6.809414127234982
M00018_P00980,6.315396614881579
M00018_P00986,6.8770232079276346
M00018_P01223,5.8775801081272485
M00018_P01234,6.503499718980404
M00018_P01236,0.0
M00018_P01241,6.252892108623659
M00018_P01242,6.082772166655401
M00019_P00368,5.891486033125757
M00019_P00372,6.87473034378775
M00019_P00378,6.151344787596384
M00019_P00382,0.0
M00019_P00383,5.883547446637294
M00019_P00611,6.045280083381612
M00019_P00618,6.4941919512081805
M00019_P00619,0.0
M00019_P00622,6.298425604330666
M00020_P00079,6.444941135085777
M00020_P00082,6.31245827620551
M00020_P00087,6.063161330665614
M00020_P00097,6.392324177788079
M00020_P00102,0.0
M00020_P00136,7.074439069691602
M00020_P00141,6.920003913029418
M00020_P00148,5.892522829377405
M00020_P00156,6.231613614526216
M00021_P00266,0.0
M00021_P00271,0.0
M00021_P00278,6.844645427332447
M00021_P00286,6.26430479242601
M00021_P01041,6.042296753889003
M00021_P01042,0.0
M00021_P01048,0.0
M00021_P01049,7.085746508284412
M00021_P01051,6.43689879638425
M00021_P01055,0.0
M00021_P01063,6.028722866822273
M00021_P01064,0.0
M00022_P00108,6.022346871280221
M00022_P00110,6.028611196120547
M00022_P00114,0.0
M00022_P00124,0.0
M00022_P00129,6.053372812756545
M00022_P00991,0.0
M00022_P00993,5.895473578471023
M00022_P00997,0.0
M00022_P01000,6.259248522938816
M00022_P01010,6.27080796577238
M00023_P00761,0.0
M00023_P00772,6.037259045378665
M00023_P00991,0.0
M00023_P00993,5.819408198516323
M00023_P00997,0.0
M00023_P01000,6.233251089504008
M00023_P01010,6.232290663979677
M00024_P00011,5.883978680074263
M00024_P00024,5.9042742044419905
M00024_P00922,6.187706183616089
M00024_P00927,5.852892609424697
M00024_P00931,0.0
M00024_P00935,6.612648763126235
M00025_P00888,5.880425743760838
M00025_P00889,5.892024819499702
M00025_P00893,5.879504813290915
M00025_P00894,0.0
M00025_P00895,6.481959906671844
M00025_P00901,6.999990057280313
M00025_P00909,6.428708227928053
M00025_P01120,5.87048604918007
M00026_P00549,0.0
M00026_P00552,6.023182464174638
M00026_P00554,6.347538097805593
M00026_P00561,6.8190934779617525
M00026_P00562,6.042753198713199
M00026_P00568,0.0
M00026_P01070,0.0
M00026_P01074,6.2532480720635375
M00026_P01082,0.0
M00027_P00266,0.0
M00027_P00271,0.0
M00027_P00278,0.0
M00027_P00286,6.257727196850279
M00027_P00705,5.871846704696612
M00027_P00707,6.719819942431003
M00027_P00716,6.285836626638002
M00027_P00718,0.0
M00027_P00724,5.893048884532152
M00027_P00728,6.27563717154499
M00028_P01201,6.0010914505795325
M00028_P01209,0.0
M00028_P01210,5.897892160184969
M00028_P01211,6.692989670698336
M00028_P01214,5.87929488119401
M00028_P01223,0.0
M00028_P01234,6.85434940848232
M00028_P01236,6.020374858089046
M00028_P01241,6.430889499117055
M00028_P01242,0.0
M00029_P00157,5.92256779250931
M00029_P00159,0.0
M00029_P00164,6.213571138364599
M00029_P00169,5.876216671555812
M00029_P00171,0.0
M00029_P00175,0.0
M00029_P00835,0.0
M00029_P00840,6.217963489068316
M00029_P00844,6.015985227110553
M00029_P00847,0.0
M00029_P00848,6.106491962643704
M00029_P00856,0.0
M00030_P00835,0.0
M00030_P00840,5.841878879577388
M00030_P00844,0.0
M00030_P00847,5.866806693207524
M00030_P00848,5.897040243809283
M00030_P00856,0.0
M00030_P01041,6.060632211055644
M00030_P01042,0.0
M00030_P01048,0.0
M00030_P01049,0.0
M00030_P01051,0.0
M00030_P01055,6.017959221210316
M00030_P01063,6.00895812950094
M00030_P01064,0.0
M00031_P00241,0.0
M00031_P00244,0.0
M00031_P00245,6.346837561800289
M00031_P00248,6.3699351048803035
M00031_P00255,7.052744773317383
M00031_P00260,0.0
M00031_P00625,0.0
M00031_P00630,0.0
M00031_P00632,6.220728400608699
M00031_P00635,6.207636345434565
M00031_P00644,6.2257636727918575
M00031_P00645,6.852485778222007
M00031_P00650,6.582617215895495
M00032_P00863,6.274061627682344
M00032_P00880,0.0
M00032_P00882,0.0
M00032_P00888,0.0
M00032_P00889,6.032109402950199
M00032_P00893,6.019581125746527
M00032_P00894,6.376972824369574
M00032_P00895,0.0
M00032_P00901,6.9579045136108855
M00032_P00909,6.401001495288574
M00033_P00032,0.0
M00033_P00044,6.461830702299855
M00033_P00045,6.008951885989942
M00033_P00050,5.903879656861331
M00033_P00052,0.0
M00033_P00807,6.229269005239521
M00033_P00812,0.0
M00033_P00819,0.0
M00033_P00826,6.171541124683146
M00033_P00827,6.644044176402341
M00034_P00391,0.0
M00034_P00399,6.208034049274605
M00034_P00410,6.382146419551333
M00034_P00416,6.165444040189232
M00034_P00515,6.026015906265238
M00035_P00136,0.0
M00035_P00141,6.872872239209644
M00035_P00148,0.0
M00035_P00156,6.257072098297028
M00035_P00940,0.0
M00035_P00948,0.0
M00035_P00950,5.997585512748339
M00035_P00951,6.246712699990597
M00035_P00959,6.232601015914967
M00035_P00962,0.0
M00036_P00108,0.0
M00036_P00110,6.018448720832691
M00036_P00114,0.0
M00036_P00124,6.429095069169355
M00036_P00129,6.029037875394843
M00036_P00922,6.250534133257284
M00036_P00927,0.0
M00036_P00931,0.0
M00036_P00935,0.0
M00037_P00209,6.12555046043607
M00037_P00210,0.0
M00037_P00211,0.0
M00037_P00219,6.02282951231902
M00037_P00221,6.245969639780051
M00037_P00222,0.0
M00037_P00232,6.02321556262631
M00037_P00234,7.3873822268468095
M00037_P01120,0.0
M00038_P00423,0.0
M00038_P00424,5.877095985847449
M00038_P00425,0.0
M00038_P00426,0.0
M00038_P00431,0.0
M00038_P00436,6.243629302850293
M00038_P00440,0.0
M00038_P00888,6.008126266899706
M00038_P00889,6.020066814221536
M00038_P00893,6.01944690646345
M00038_P00894,0.0
M00038_P00895,6.336928691629486
M00038_P00901,7.338427326518222
M00038_P00909,0.0
M00039_P00345,6.025193899652318
M00039_P00347,6.4231739326765505
M00039_P00351,6.353576330880928
M00039_P00353,6.13405194988507
M00039_P00359,6.353593099630649
M00039_P00362,6.021240944079559
M00039_P00922,0.0
M00039_P00927,5.891676621397461
M00039_P00931,6.155089230784114
M00039_P00935,0.0
M00040_P00515,0.0
M00040_P01177,0.0
M00040_P01182,5.845645916706136
M00040_P01184,5.876944720996616
M00040_P01193,5.839753253857417
M00040_P01196,6.752588395889111
M00041_P00732,6.014180038308678
M00041_P00738,0.0
M00041_P00742,0.0
M00041_P00744,0.0
M00041_P00747,6.917905837566619
M00041_P00753,6.1672731322082255
M00041_P00888,5.8826252849371095
M00041_P00889,5.915032846928865
M00041_P00893,5.845687788380746
M00041_P00894,6.2064660095442425
M00041_P00895,6.245466211207097
M00041_P00901,7.084241234873238
M00041_P00909,0.0
M00042_P00368,0.0
M00042_P00372,6.676469598079958
M00042_P00378,6.287596308788287
M00042_P00382,0.0
M00042_P00383,6.012754788092087
M00042_P00391,0.0
M00042_P00399,0.0
M00042_P00410,6.31543292229785
M00042_P00416,6.195405785098987
M00043_P00032,7.10601373971385
M00043_P00044,6.814725416331126
M00043_P00045,0.0
M00043_P00050,0.0
M00043_P00052,6.413857464799216
M00043_P00991,0.0
M00043_P00993,0.0
M00043_P00997,0.0
M00043_P01000,6.25528913636908
M00043_P01010,6.241751756643651
M00044_P00368,5.843133143390837
M00044_P00372,6.60175215573543
M00044_P00378,6.107298289238575
M00044_P00382,0.0
M00044_P00383,5.883180581552999
M00044_P00965,0.0
M00044_P00966,0.0
M00044_P00975,0.0
M00044_P00978,6.767768007662676
M00044_P00980,0.0
M00044_P00986,6.944685222141636
M00045_P01041,5.853140648204463
M00045_P01042,0.0
M00045_P01048,6.031772881152728
M00045_P01049,7.061114336137435
M00045_P01051,0.0
M00045_P01055,5.870727805408378
M00045_P01063,0.0
M00045_P01064,5.810941506906395
M00045_P01177,6.162237430826496
M00045_P01182,0.0
M00045_P01184,6.035397987215493
M00045_P01193,6.0260151853833825
M00045_P01196,0.0
M00046_P00055,0.0
M00046_P00057,6.01496471637561
M00046_P00059,0.0
M00046_P00064,0.0
M00046_P00066,0.0
M00046_P00071,0.0
M00046_P00077,0.0
M00046_P00108,5.864016740784126
M00046_P00110,0.0
M00046_P00114,6.957900180244783
M00046_P00124,6.208575491196603
M00046_P00129,6.2373276014283645
M00047_P00391,0.0
M00047_P00399,6.215007479459984
M00047_P00410,6.575137490576964
M00047_P00416,6.229382395012123
M00047_P00835,6.3238680258975934
M00047_P00840,0.0
M00047_P00844,0.0
M00047_P00847,0.0
M00047_P00848,0.0
M00047_P00856,6.657487443952611
M00048_P00345,5.877888851776876
M00048_P00347,0.0
M00048_P00351,6.2527244379677915
M00048_P00353,0.0
M00048_P00359,6.214749593239096
M00048_P00362,5.911004161989501
M00048_P00922,0.0
M00048_P00927,0.0
M00048_P00931,5.854800790436762
M00048_P00935,0.0
M00049_P00391,0.0
M00049_P00399,6.320559231095175
M00049_P00410,6.255969884601586
M00049_P00416,6.385413691973389
M00049_P00807,0.0
M00049_P00812,7.173496368495966
M00049_P00819,6.018056565334854
M00049_P00826,0.0
M00049_P00827,6.84238345326089
M00050_P00157,5.882082036472079
M00050_P00159,0.0
M00050_P00164,0.0
M00050_P00169,0.0
M00050_P00171,6.131664374464293
M00050_P00175,6.325565735651345
M00050_P00185,6.0115661384489325
M00050_P00193,6.345729170371763
M00050_P00197,6.00097309741398
M00050_P00199,0.0
M00050_P00200,6.010957616572714
M00051_P00574,0.0
M00051_P00579,6.103611669434625
M00051_P00582,0.0
M00051_P00584,6.238778291059084
M00051_P00586,0.0
M00051_P00590,6.7342008953554116
M00051_P00732,0.0
M00051_P00738,6.028547395297864
M00051_P00742,6.339495202160323
M00051_P00744,6.036940297527398
M00051_P00747,0.0
M00051_P00753,6.047588881093515
M00052_P00079,6.459503473558313
M00052_P00082,6.136185275451676
M00052_P00087,0.0
M00052_P00097,6.296474191563989
M00052_P00102,5.964864990292472
M00052_P01201,6.034559287691267
M00052_P01209,0.0
M00052_P01210,0.0
M00052_P01211,6.6629120209863535
M00052_P01214,0.0
M00053_P00079,0.0
M00053_P00082,6.232448380540068
M00053_P00087,5.843629480862059
M00053_P00097,0.0
M00053_P00102,5.916913405193743
M00053_P00678,0.0
M00053_P00679,0.0
M00053_P00680,0.0
M00053_P00681,6.3906741806199925
M00053_P00683,0.0
M00053_P00694,0.0
M00054_P00157,0.0
M00054_P00159,0.0
M00054_P00164,6.298188080012775
M00054_P00169,0.0
M00054_P00171,6.428727296027239
M00054_P00175,6.268618078147598
M00054_P00423,0.0
M00054_P00424,0.0
M00054_P00425,6.258360492230586
M00054_P00426,5.875517719220886
M00054_P00431,5.892037790405905
M00054_P00436,6.330702726787575
M00054_P00440,5.867221643873524
M00055_P00732,6.013819362372941
M00055_P00738,6.028897830355391
M00055_P00742,0.0
M00055_P00744,0.0
M00055_P00747,0.0
M00055_P00753,6.0379580320812
M00055_P00888,0.0
M00055_P00889,5.925747691055099
M00055_P00893,5.843465888664179
M00055_P00894,0.0
M00055_P00895,6.247224496442625
M00055_P00901,7.209793267711006
M00055_P00909,6.294141129414875
M00056_P00287,0.0
M00056_P00290,6.0097043316599414
M00056_P00291,0.0
M00056_P00295,7.091558670365999
M00056_P00297,6.017265361391086
M00056_P00298,0.0
M00056_P00299,0.0
M00056_P00304,6.3361024749074195
M00056_P00307,6.372070502094948
M00056_P00309,6.387700800297758
M00056_P00310,6.329250120462917
M00056_P00478,0.0
M00056_P00479,6.37726678525098
M00056_P00486,0.0
M00056_P00491,0.0
M00057_P00108,6.033446616878066
M00057_P00110,6.020761995307992
M00057_P00114,0.0
M00057_P00124,6.428549229406607
M00057_P00129,6.03102642335174
M00057_P00761,0.0
M00057_P00772,6.180900372966632
M00058_P00079,0.0
M00058_P00082,6.354560498889267
M00058_P00087,6.032791003340411
M00058_P00097,6.36882162685892
M00058_P00102,6.160594243139503
M00058_P01099,6.251954959845182
M00058_P01107,5.854330419259882
M00058_P01108,6.662137223512842
M00058_P01109,0.0
M00058_P01114,6.248463035572463
M00058_P01118,0.0
M00059_P00136,0.0
M00059_P00141,7.099360353652896
M00059_P00148,6.017406114325143
M00059_P00156,0.0
M00059_P00423,0.0
M00059_P00424,0.0
M00059_P00425,6.294237053545553
M00059_P00426,5.840181370869886
M00059_P00431,5.883482608152607
M00059_P00436,0.0
M00059_P00440,5.894959940306003
M00060_P00782,0.0
M00060_P00786,0.0
M00060_P00788,6.677599416474384
M00060_P00797,6.3542214155693
M00060_P00803,6.570838864886643
M00060_P00807,6.213086133186058
M00060_P00812,6.981247061864322
M00060_P00819,6.231846756791177
M00060_P00826,0.0
M00060_P00827,6.655049684028224
M00061_P00079,0.0
M00061_P00082,6.216135096917258
M00061_P00087,5.896036907023495
M00061_P00097,0.0
M00061_P00102,5.955863573707515
M00061_P00287,5.880046337004865
M00061_P00290,0.0
M00061_P00291,5.815559156220029
M00061_P00295,6.86164623069292
M00061_P00297,5.80061716316355
M00061_P00298,0.0
M00061_P00299,5.806369271428748
M00061_P00304,5.8663129378028325
M00061_P00307,0.0
M00061_P00309,0.0
M00061_P00310,6.411628322197955
M00062_P00423,0.0
M00062_P00424,5.8844187417242555
M00062_P00425,6.2421381573575125
M00062_P00426,5.87742280385303
M00062_P00431,0.0
M00062_P00436,6.244112705817063
M00062_P00440,5.889103486170598
M00062_P00625,0.0
M00062_P00630,0.0
M00062_P00632,6.319334811938186
M00062_P00635,6.359689725809832
M00062_P00644,6.444327177646811
M00062_P00645,6.905642982182468
M00062_P00650,6.394344398087354
M00063_P00478,6.142374897184863
M00063_P00479,7.204319368839038
M00063_P00486,6.433542504584443
M00063_P00491,0.0
M00063_P00732,5.887274453557305
M00063_P00738,5.887900531532734
M00063_P00742,6.244367590022904
M00063_P00744,0.0
M00063_P00747,6.8850527803793895
M00063_P00753,6.221834813827155
M00064_P00241,5.826796921056435
M00064_P00244,5.87747414527789
M00064_P00245,0.0
M00064_P00248,0.0
M00064_P00255,7.327598695873292
M00064_P00260,6.761369483517345
M00064_P00345,6.061807310574104
M00064_P00347,0.0
M00064_P00351,6.348350625906699
M00064_P00353,6.027127042233121
M00064_P00359,6.741852826065375
M00064_P00362,6.215115155835804
M00065_P00079,6.871029803345155
M00065_P00082,0.0
M00065_P00087,5.8514062215007
M00065_P00097,6.172303436545808
M00065_P00102,6.36825191957082
M00065_P00991,0.0
M00065_P00993,5.831795834369107
M00065_P00997,5.875560915341368
M00065_P01000,0.0
M00065_P01010,6.259130964452561
M00066_P00529,0.0
M00066_P00535,0.0
M00066_P00536,6.020175473390773
M00066_P00542,6.0194358781952415
M00066_P00543,0.0
M00066_P01223,0.0
M00066_P01234,6.7964026861931925
M00066_P01236,5.881417215945698
M00066_P01241,0.0
M00066_P01242,5.888475410109924
M00067_P00782,0.0
M00067_P00786,0.0
M00067_P00788,6.865968445140116
M00067_P00797,0.0
M00067_P00803,6.264090637752129
M00067_P00965,0.0
M00067_P00966,5.879371955621659
M00067_P00975,6.932772488874978
M00067_P00978,0.0
M00067_P00980,6.261080048048097
M00067_P00986,0.0
M00068_P00079,6.331347696186206
M00068_P00082,6.220149711073147
M00068_P00087,5.869184485167847
M00068_P00097,6.239852551132455
M00068_P00102,0.0
M00068_P00863,6.029538815097754
M00068_P00880,6.371109360311535
M00068_P00882,7.240598331124321
M00069_P00108,0.0
M00069_P00110,0.0
M00069_P00114,0.0
M00069_P00124,6.189801240830946
M00069_P00129,5.874469591057863
M00069_P01020,6.844789151219248
M00069_P01034,5.8075580248710175
M00069_P01037,5.885357900744374
M00069_P01038,5.880671084867219
M00070_P00185,6.014017566336813
M00070_P00193,0.0
M00070_P00197,6.014246608540533
M00070_P00199,6.009299013592523
M00070_P00200,6.034573744531575
M00070_P00655,0.0
M00070_P00662,5.871774968346182
M00070_P00666,0.0
M00070_P00668,5.834653637878104
M00070_P00669,0.0
M00070_P00673,6.271977897302905
M00070_P00674,5.925241182866492
M00071_P00965,0.0
M00071_P00966,5.875826747668412
M00071_P00975,0.0
M00071_P00978,6.785421025417484
M00071_P00980,6.234829110579318
M00071_P00986,7.1802803795515375
M00071_P01020,0.0
M00071_P01034,6.009914673226949
M00071_P01037,6.037575565148985
M00071_P01038,0.0
M00072_P00678,0.0
M00072_P00679,0.0
M00072_P00680,6.247255697042765
M00072_P00681,0.0
M00072_P00683,0.0
M00072_P00694,6.265020029923863
M00072_P01120,6.143625986249058
M00073_P00345,6.032105819014508
M00073_P00347,6.263767650326832
M00073_P00351,6.456654556923298
M00073_P00353,6.042629977433654
M00073_P00359,6.332963205796045
M00073_P00362,6.50955540680638
M00073_P00423,6.697723896649613
M00073_P00424,5.8911204568571245
M00073_P00425,6.281728881313367
M00073_P00426,5.878905411098367
M00073_P00431,5.828323631475603
M00073_P00436,0.0
M00073_P00440,0.0
M00074_P00391,0.0
M00074_P00399,6.255115398298237
M00074_P00410,6.692051381650378
M00074_P00416,6.217715875373619
M00074_P00443,6.265997926862161
M00074_P00448,0.0
M00074_P00452,5.888922874160357
M00074_P00462,6.656058608761781
M00074_P00463,0.0
M00074_P00465,6.278175783997568
M00074_P00468,6.243597634790898
M00075_P01070,5.823528600947864
M00075_P01074,0.0
M00075_P01082,0.0
M00075_P01099,6.276429964053051
M00075_P01107,5.8478528777025325
M00075_P01108,6.81605086071147
M00075_P01109,6.247243277892567
M00075_P01114,5.9986253667040526
M00075_P01118,0.0
M00076_P00108,0.0
M00076_P00110,6.023148080372502
M00076_P00114,7.17620846029017
M00076_P00124,0.0
M00076_P00129,6.064841489944249
M00076_P00529,5.8235114640321095
M00076_P00535,0.0
M00076_P00536,5.892377240958245
M00076_P00542,0.0
M00076_P00543,6.309191227350527
M00077_P00940,6.046651554000693
M00077_P00948,6.331248483042981
M00077_P00950,6.3098082454901805
M00077_P00951,6.374379978751693
M00077_P00959,0.0
M00077_P00962,6.678960522134125
M00077_P01020,0.0
M00077_P01034,0.0
M00077_P01037,5.884489646397677
M00077_P01038,5.884874213643205
M00078_P00345,5.908093712818098
M00078_P00347,6.227062864397405
M00078_P00351,6.3102264278936255
M00078_P00353,5.904580572343352
M00078_P00359,6.17360665959418
M00078_P00362,0.0
M00078_P00888,5.88705088225579
M00078_P00889,0.0
M00078_P00893,5.859589968700849
M00078_P00894,0.0
M00078_P00895,0.0
M00078_P00901,0.0
M00078_P00909,6.5984589580773845
M00079_P00209,5.88810795168668
M00079_P00210,0.0
M00079_P00211,0.0
M00079_P00219,5.855453692236397
M00079_P00221,6.529479012331238
M00079_P00222,6.443041370696047
M00079_P00232,0.0
M00079_P00234,0.0
M00079_P00611,6.017161488076794
M00079_P00618,0.0
M00079_P00619,0.0
M00079_P00622,0.0
M00080_P00478,0.0
M00080_P00479,6.720343435376174
M00080_P00486,6.223959046899973
M00080_P00491,5.878162587670339
M00080_P00611,5.82154243711673
M00080_P00618,6.257890712262744
M00080_P00619,5.856899066872137
M00080_P00622,5.894570916435284
M00081_P00888,6.000192155186296
M00081_P00889,6.0186625125380155
M00081_P00893,6.026022346308648
M00081_P00894,6.383928451554425
M00081_P00895,0.0
M00081_P00901,7.068926704422361
M00081_P00909,0.0
M00081_P01201,5.856426894686362
M00081_P01209,0.0
M00081_P01210,0.0
M00081_P01211,6.365509520499555
M00081_P01214,0.0
M00082_P00922,0.0
M00082_P00927,0.0
M00082_P00931,0.0
M00082_P00935,0.0
M00082_P01099,6.2414494924109105
M00082_P01107,0.0
M00082_P01108,0.0
M00082_P01109,6.219538993051205
M00082_P01114,6.309529456931586
M00082_P01118,6.259806638681398
M00083_P00209,5.871059892809063
M00083_P00210,0.0
M00083_P00211,0.0
M00083_P00219,0.0
M00083_P00221,0.0
M00083_P00222,6.337575367756128
M00083_P00232,5.880477697731821
M00083_P00234,0.0
M00083_P00443,0.0
M00083_P00448,6.020269733175934
M00083_P00452,0.0
M00083_P00462,0.0
M00083_P00463,6.41106756700972
M00083_P00465,6.391556019362005
M00083_P00468,6.372614045136632
M00084_P00922,6.288446156593295
M00084_P00927,5.931010420708568
M00084_P00931,0.0
M00084_P00935,6.252951137705837
M00084_P01223,0.0
M00084_P01234,6.684758735890775
M00084_P01236,6.007317031967161
M00084_P01241,0.0
M00084_P01242,6.014596065753069
M00085_P00478,5.868383248181645
M00085_P00479,6.744632478300097
M00085_P00486,6.294781936171778
M00085_P00491,6.167577254229692
M00085_P01020,6.673249410885553
M00085_P01034,5.8205687034542715
M00085_P01037,5.886654064868801
M00085_P01038,5.88741648695731
M00086_P00345,0.0
M00086_P00347,6.522984564823829
M00086_P00351,0.0
M00086_P00353,6.061773317351632
M00086_P00359,0.0
M00086_P00362,0.0
M00086_P01146,0.0
M00086_P01157,5.842716179614252
M00086_P01166,6.679115029894952
M00086_P01169,5.903237893759314
M00087_P00807,0.0
M00087_P00812,7.036783734565425
M00087_P00819,6.142894587884614
M00087_P00826,0.0
M00087_P00827,7.01679236607326
M00087_P00835,0.0
M00087_P00840,0.0
M00087_P00844,0.0
M00087_P00847,5.8894007266447295
M00087_P00848,0.0
M00087_P00856,0.0
M00088_P00136,0.0
M00088_P00141,6.917639139552937
M00088_P00148,5.9284877245811565
M00088_P00156,6.405531002225959
M00088_P01070,6.017507307013228
M00088_P01074,0.0
M00088_P01082,6.037733444152001
M00089_P00011,0.0
M00089_P00024,0.0
M00089_P00055,0.0
M00089_P00057,0.0
M00089_P00059,6.251550146857668
M00089_P00064,5.849414621339499
M00089_P00066,0.0
M00089_P00071,6.353331858174072
M00089_P00077,0.0
M00090_P00423,0.0
M00090_P00424,5.979440593346234
M00090_P00425,6.2245445069535315
M00090_P00426,5.888465486871429
M00090_P00431,5.851265621481954
M00090_P00436,6.457395819331257
M00090_P00440,6.1461169838843315
M00090_P01041,0.0
M00090_P01042,5.816815922331136
M00090_P01048,6.054422546829121
M00090_P01049,0.0
M00090_P01051,6.224186864978804
M00090_P01055,0.0
M00090_P01063,5.861542792591065
M00090_P01064,5.862849413905003
M00091_P00922,6.383579568920686
M00091_P00927,6.018960168472089
M00091_P00931,6.042769198385944
M00091_P00935,6.698453079782061
M00091_P01201,0.0
M00091_P01209,5.907564392283593
M00091_P01210,0.0
M00091_P01211,6.741193412174714
M00091_P01214,0.0
M00092_P00108,5.8735474522653295
M00092_P00110,0.0
M00092_P00114,6.9488587915210065
M00092_P00124,6.254681652897453
M00092_P00129,0.0
M00092_P00185,0.0
M00092_P00193,6.2253985554810045
M00092_P00197,0.0
M00092_P00199,5.804265477796039
M00092_P00200,5.813474825573916
M00093_P00055,0.0
M00093_P00057,5.87991111873012
M00093_P00059,0.0
M00093_P00064,0.0
M00093_P00066,7.2028925305841724
M00093_P00071,0.0
M00093_P00077,6.532114933822737
M00093_P00888,6.013103837182968
M00093_P00889,6.063870435641539
M00093_P00893,6.017001331467053
M00093_P00894,6.402000827005013
M00093_P00895,6.326562164584007
M00093_P00901,0.0
M00093_P00909,0.0
M00094_P00209,0.0
M00094_P00210,7.0007645109971754
M00094_P00211,0.0
M00094_P00219,0.0
M00094_P00221,0.0
M00094_P00222,6.295721684947027
M00094_P00232,0.0
M00094_P00234,0.0
M00094_P00705,0.0
M00094_P00707,6.3475262914921124
M00094_P00716,6.19219808131447
M00094_P00718,7.234536438449587
M00094_P00724,0.0
M00094_P00728,6.3396588171431745
M00095_P00055,0.0
M00095_P00057,0.0
M00095_P00059,0.0
M00095_P00064,0.0
M00095_P00066,0.0
M00095_P00071,0.0
M00095_P00077,0.0
M00095_P00611,6.05815894804955
M00095_P00618,0.0
M00095_P00619,6.07076904109288
M00095_P00622,0.0
M00096_P00391,0.0
M00096_P00399,6.343084733416119
M00096_P00410,0.0
M00096_P00416,6.158115570573304
M00096_P01120,0.0
M00097_P00574,0.0
M00097_P00579,6.224307843660691
M00097_P00582,0.0
M00097_P00584,0.0
M00097_P00586,5.846588403456592
M00097_P00590,6.793921993299547
M00097_P00940,5.820645426593171
M00097_P00948,0.0
M00097_P00950,6.105005305310068
M00097_P00951,0.0
M00097_P00959,0.0
M00097_P00962,7.125270953044647
M00098_P00266,6.5851027717854755
M00098_P00271,6.3899495060290645
M00098_P00278,0.0
M00098_P00286,0.0
M00098_P00391,5.852481726741266
M00098_P00399,6.185162933724948
M00098_P00410,0.0
M00098_P00416,6.244966643807677
M00099_P00032,6.757769709903698
M00099_P00044,0.0
M00099_P00045,0.0
M00099_P00050,5.888790419910014
M00099_P00052,0.0
M00099_P00313,0.0
M00099_P00324,0.0
M00099_P00329,6.10684285563803
M00099_P00333,6.5141055972966635
M00099_P00334,6.414242137330183
M00100_P00678,0.0
M00100_P00679,0.0
M00100_P00680,6.126736927757458
M00100_P00681,0.0
M00100_P00683,0.0
M00100_P00694,0.0
M00100_P01120,0.0
M00101_P00266,6.362640579243585
M00101_P00271,6.396069990908183
M00101_P00278,0.0
M00101_P00286,6.342710433433198
M00101_P00443,0.0
M00101_P00448,5.855230388424481
M00101_P00452,5.840661869620342
M00101_P00462,6.385936616069566
M00101_P00463,6.242829953611635
M00101_P00465,0.0
M00101_P00468,6.16663075530051
M00102_P00055,0.0
M00102_P00057,6.318521047996382
M00102_P00059,6.206857470919848
M00102_P00064,5.876422803976514
M00102_P00066,0.0
M00102_P00071,0.0
M00102_P00077,6.213881315409285
M00102_P00625,0.0
M00102_P00630,5.8968818195873975
M00102_P00632,6.2597849631890075
M00102_P00635,0.0
M00102_P00644,0.0
M00102_P00645,0.0
M00102_P00650,6.217406336976897
M00103_P00313,6.417401617911672
M00103_P00324,6.739896214276349
M00103_P00329,6.017778568454568
M00103_P00333,6.234809714937125
M00103_P00334,6.489674507273527
M00103_P00782,6.2368283742685495
M00103_P00786,0.0
M00103_P00788,0.0
M00103_P00797,0.0
M00103_P00803,6.153327663523603
M00104_P00368,5.866286916466574
M00104_P00372,6.351052864222015
M00104_P00378,0.0
M00104_P00382,5.88346684147181
M00104_P00383,5.879910267716873
M00104_P00391,0.0
M00104_P00399,0.0
M00104_P00410,6.67428265276087
M00104_P00416,6.4078850795486195
M00105_P00549,0.0
M00105_P00552,5.878219541982997
M00105_P00554,6.236572902899789
M00105_P00561,0.0
M00105_P00562,5.884847204169492
M00105_P00568,5.841915157388407
M00105_P00655,0.0
M00105_P00662,6.015376534040932
M00105_P00666,0.0
M00105_P00668,6.032390987383249
M00105_P00669,6.325765651826044
M00105_P00673,6.346904272317452
M00105_P00674,0.0
M00106_P00443,0.0
M00106_P00448,0.0
M00106_P00452,0.0
M00106_P00462,6.409509502920546
M00106_P00463,6.4005954993379826
M00106_P00465,0.0
M00106_P00468,6.473809581915158
M00106_P00611,6.091288833212648
M00106_P00618,6.253586088913185
M00106_P00619,5.852383241122505
M00106_P00622,5.895686757368574
M00107_P00888,5.892174745256212
M00107_P00889,5.833225715875196
M00107_P00893,6.303585604241903
M00107_P00894,0.0
M00107_P00895,0.0
M00107_P00901,7.205927595207588
M00107_P00909,6.969789106034447
M00107_P01120,0.0
M00108_P00185,0.0
M00108_P00193,6.262856160945324
M00108_P00197,0.0
M00108_P00199,0.0
M00108_P00200,5.891838456728233
M00108_P00443,0.0
M00108_P00448,0.0
M00108_P00452,0.0
M00108_P00462,6.422185290134844
M00108_P00463,6.623442814453779
M00108_P00465,6.0385545798215245
M00108_P00468,0.0
M00109_P00055,5.88453686147427
M00109_P00057,0.0
M00109_P00059,6.298647165841967
M00109_P00064,5.858357621607845
M00109_P00066,0.0
M00109_P00071,6.262398665965515
M00109_P00077,6.565260830978195
M00109_P00185,6.02992345550825
M00109_P00193,6.316788882538242
M00109_P00197,0.0
M00109_P00199,0.0
M00109_P00200,6.018200863738931
M00110_P00574,6.0359941532218
M00110_P00579,0.0
M00110_P00582,6.180692280927895
M00110_P00584,6.364512840938977
M00110_P00586,6.022172317933237
M00110_P00590,6.976265788270369
M00110_P01223,0.0
M00110_P01234,6.494675114892811
M00110_P01236,5.884825206626473
M00110_P01241,6.267631030584597
M00110_P01242,5.884408688162389
M00111_P00705,5.875482529744556
M00111_P00707,0.0
M00111_P00716,6.26475817988376
M00111_P00718,6.720006986759619
M00111_P00724,6.2795138075066985
M00111_P00728,6.571516308245845
M00111_P01020,6.829084769746015
M00111_P01034,6.021837293197887
M00111_P01037,6.039834335242367
M00111_P01038,0.0
M00112_P00625,6.231473241872386
M00112_P00630,5.872662582525749
M00112_P00632,6.238461442652091
M00112_P00635,6.211921000238985
M00112_P00644,0.0
M00112_P00645,0.0
M00112_P00650,6.204033717073641
M00112_P00965,0.0
M00112_P00966,0.0
M00112_P00975,6.7592645209648925
M00112_P00978,6.77334593339075
M00112_P00980,0.0
M00112_P00986,0.0
M00113_P00055,0.0
M00113_P00057,0.0
M00113_P00059,6.353224326241218
M00113_P00064,0.0
M00113_P00066,7.15583900489073
M00113_P00071,0.0
M00113_P00077,6.410061093558187
M00113_P01201,5.861815264751488
M00113_P01209,5.881908779585592
M00113_P01210,5.841248372455659
M00113_P01211,6.808663901400086
M00113_P01214,5.838801314289503
M00114_P00863,5.844002855273925
M00114_P00880,6.221636035007529
M00114_P00882,0.0
M00114_P00922,6.324116522755808
M00114_P00927,6.017586920100285
M00114_P00931,6.150473672525465
M00114_P00935,0.0
M00115_P00611,6.037700089829201
M00115_P00618,6.377722030096838
M00115_P00619,0.0
M00115_P00622,0.0
M00115_P00732,0.0
M00115_P00738,0.0
M00115_P00742,6.309865435367151
M00115_P00744,0.0
M00115_P00747,6.968920122552752
M00115_P00753,5.939946347553916
M00116_P00529,0.0
M00116_P00535,5.829809610682696
M00116_P00536,5.8227372911978765
M00116_P00542,0.0
M00116_P00543,0.0
M00116_P01020,0.0
M00116_P01034,5.914144473887239
M00116_P01037,0.0
M00116_P01038,6.055061761981717
M00117_P00515,0.0
M00117_P01201,6.0298168453908145
M00117_P01209,6.017264699478224
M00117_P01210,0.0
M00117_P01211,6.83463823239656
M00117_P01214,0.0
M00118_P00678,0.0
M00118_P00679,0.0
M00118_P00680,5.947512013099219
M00118_P00681,5.884191951692349
M00118_P00683,6.2070806631378055
M00118_P00694,0.0
M00118_P01099,6.268908251277033
M00118_P01107,0.0
M00118_P01108,6.773128651084489
M00118_P01109,0.0
M00118_P01114,0.0
M00118_P01118,0.0
M00119_P00478,0.0
M00119_P00479,0.0
M00119_P00486,6.675128791724604
M00119_P00491,5.898667183539815
M00119_P01146,6.999102370823071
M00119_P01157,0.0
M00119_P01166,6.456818071782811
M00119_P01169,6.024352670245674
M00120_P00313,6.246512679923373
M00120_P00324,6.542234027244202
M00120_P00329,5.896423721837088
M00120_P00333,6.433010400111914
M00120_P00334,0.0
M00120_P00705,0.0
M00120_P00707,6.468022469576413
M00120_P00716,6.207045803257688
M00120_P00718,0.0
M00120_P00724,5.8829780822684175
M00120_P00728,5.898390385630233
M00121_P00287,0.0
M00121_P00290,0.0
M00121_P00291,5.877537338979709
M00121_P00295,7.037068184289947
M00121_P00297,5.830503334418836
M00121_P00298,0.0
M00121_P00299,0.0
M00121_P00304,0.0
M00121_P00307,6.226851019365565
M00121_P00309,6.258814241998461
M00121_P00310,6.557870178130201
M00121_P01120,0.0
M00122_P00655,0.0
M00122_P00662,6.030505763170656
M00122_P00666,6.215914747645389
M00122_P00668,0.0
M00122_P00669,6.232170784224594
M00122_P00673,0.0
M00122_P00674,0.0
M00122_P00940,6.072890158429981
M00122_P00948,6.360007654148389
M00122_P00950,0.0
M00122_P00951,6.32653053847246
M00122_P00959,0.0
M00122_P00962,0.0
M00123_P00345,0.0
M00123_P00347,0.0
M00123_P00351,0.0
M00123_P00353,0.0
M00123_P00359,6.240809146798702
M00123_P00362,6.235338428028618
M00123_P00478,6.056041648803508
M00123_P00479,0.0
M00123_P00486,6.417236517771609
M00123_P00491,6.356459212906375
M00124_P00732,5.80964395297257
M00124_P00738,0.0
M00124_P00742,0.0
M00124_P00744,5.887686292174746
M00124_P00747,7.266364157573827
M00124_P00753,6.052185530297121
M00124_P00761,6.3315788390239645
M00124_P00772,6.033754513471373
M00125_P00782,0.0
M00125_P00786,6.040612304282224
M00125_P00788,6.762001474161288
M00125_P00797,6.343702270595254
M00125_P00803,0.0
M00125_P00835,0.0
M00125_P00840,5.860613213617983
M00125_P00844,5.831418589488172
M00125_P00847,0.0
M00125_P00848,0.0
M00125_P00856,0.0
M00126_P00136,0.0
M00126_P00141,7.062053073411806
M00126_P00148,5.879744438377333
M00126_P00156,0.0
M00126_P01099,6.4251728275140625
M00126_P01107,6.005082773400345
M00126_P01108,0.0
M00126_P01109,6.444039266602529
M00126_P01114,0.0
M00126_P01118,6.426723082692859
M00127_P00136,0.0
M00127_P00141,6.899850647598713
M00127_P00148,0.0
M00127_P00156,6.280178009693593
M00127_P00423,0.0
M00127_P00424,0.0
M00127_P00425,6.297937434282641
M00127_P00426,6.061481601480035
M00127_P00431,0.0
M00127_P00436,6.558428640460864
M00127_P00440,0.0
M00128_P00313,0.0
M00128_P00324,6.265503980056933
M00128_P00329,5.878865196439591
M00128_P00333,6.248558104254918
M00128_P00334,6.118481988108971
M00128_P00368,0.0
M00128_P00372,6.601902770171563
M00128_P00378,6.306680152331867
M00128_P00382,6.019491833013229
M00128_P00383,0.0
M00129_P00055,0.0
M00129_P00057,0.0
M00129_P00059,0.0
M00129_P00064,0.0
M00129_P00066,7.093176992315119
M00129_P00071,0.0
M00129_P00077,0.0
M00129_P00423,0.0
M00129_P00424,0.0
M00129_P00425,6.217016883807332
M00129_P00426,0.0
M00129_P00431,5.913875727788477
M00129_P00436,6.3998929166088665
M00129_P00440,0.0
M00130_P00678,0.0
M00130_P00679,0.0
M00130_P00680,0.0
M00130_P00681,5.886434820946992
M00130_P00683,6.229359685592658
M00130_P00694,6.052658737236808
M00130_P00761,6.391112033553172
M00130_P00772,6.09556997399251
M00131_P01146,0.0
M00131_P01157,6.021771488926821
M00131_P01166,6.755079863642482
M00131_P01169,0.0
M00131_P01177,0.0
M00131_P01182,0.0
M00131_P01184,5.882835858411605
M00131_P01193,5.863390564339759
M00131_P01196,6.281488566861835
M00132_P00391,0.0
M00132_P00399,6.225460356691006
M00132_P00410,0.0
M00132_P00416,0.0
M00132_P00655,0.0
M00132_P00662,5.864842527617281
M00132_P00666,0.0
M00132_P00668,5.8967597694213945
M00132_P00669,6.26425105777454
M00132_P00673,0.0
M00132_P00674,5.92989928700668
M00133_P00157,0.0
M00133_P00159,5.849063130085995
M00133_P00164,6.248121961452382
M00133_P00169,5.902384576512978
M00133_P00171,6.222806313912759
M00133_P00175,0.0
M00133_P00732,0.0
M00133_P00738,6.026181643148383
M00133_P00742,6.316519567044021
M00133_P00744,6.037082253417084
M00133_P00747,0.0
M00133_P00753,0.0
M00134_P00863,0.0
M00134_P00880,6.335844259096324
M00134_P00882,6.669234506376662
M00134_P01146,0.0
M00134_P01157,5.894970409034552
M00134_P01166,6.767473297544775
M00134_P01169,6.072302163950553
M00135_P00391,0.0
M00135_P00399,0.0
M00135_P00410,6.257464349686018
M00135_P00416,0.0
M00135_P00922,6.285233372574259
M00135_P00927,5.890999876443474
M00135_P00931,6.205409176352588
M00135_P00935,6.179635143828031
M00136_P00209,0.0
M00136_P00210,0.0
M00136_P00211,5.881546237593542
M00136_P00219,5.835084025521753
M00136_P00221,6.236770526633949
M00136_P00222,6.2907154685536115
M00136_P00232,0.0
M00136_P00234,7.070550112073351
M00136_P00782,0.0
M00136_P00786,5.8481303543776
M00136_P00788,6.781077440531221
M00136_P00797,6.323755939330844
M00136_P00803,6.219454498839019
M00137_P00732,0.0
M00137_P00738,5.842103953716475
M00137_P00742,0.0
M00137_P00744,0.0
M00137_P00747,7.1195620838271125
M00137_P00753,5.93362501452067
M00137_P01041,0.0
M00137_P01042,0.0
M00137_P01048,6.220408908026639
M00137_P01049,7.094395018428489
M00137_P01051,0.0
M00137_P01055,6.03170849713444
M00137_P01063,0.0
M00137_P01064,0.0
M00138_P00732,5.8109181146454025
M00138_P00738,0.0
M00138_P00742,6.620874526524534
M00138_P00744,0.0
M00138_P00747,7.018554537377517
M00138_P00753,0.0
M00138_P00922,0.0
M00138_P00927,5.864590804920688
M00138_P00931,5.867256927523358
M00138_P00935,0.0
M00139_P00423,7.172175231306166
M00139_P00424,6.016636117534424
M00139_P00425,6.2853335352838755
M00139_P00426,6.06214751000785
M00139_P00431,0.0
M00139_P00436,0.0
M00139_P00440,6.009709844912997
M00139_P00732,5.817895147490191
M00139_P00738,5.878914054094235
M00139_P00742,0.0
M00139_P00744,5.847397342713863
M00139_P00747,6.88846267307144
M00139_P00753,5.931376833741417
M00140_P00443,0.0
M00140_P00448,0.0
M00140_P00452,5.858140376558807
M00140_P00462,6.766102975943605
M00140_P00463,0.0
M00140_P00465,6.2433576759436855
M00140_P00468,0.0
M00140_P01041,0.0
M00140_P01042,5.8702218290482575
M00140_P01048,6.009242726389105
M00140_P01049,0.0
M00140_P01051,0.0
M00140_P01055,5.856033529245753
M00140_P01063,5.87577327558133
M00140_P01064,6.0985870405091305
M00141_P00391,0.0
M00141_P00399,0.0
M00141_P00410,6.438069800834394
M00141_P00416,6.397585316705771
M00141_P01041,0.0
M00141_P01042,0.0
M00141_P01048,6.340351715631328
M00141_P01049,7.099567097806979
M00141_P01051,0.0
M00141_P01055,6.177991207740107
M00141_P01063,6.026949760563314
M00141_P01064,0.0
M00142_P00108,6.033959055091406
M00142_P00110,6.039863037778889
M00142_P00114,0.0
M00142_P00124,6.36152867445594
M00142_P00129,6.031623076466734
M00142_P01201,5.902929973891551
M00142_P01209,0.0
M00142_P01210,5.807422006020684
M00142_P01211,0.0
M00142_P01214,5.901139014721918
M00143_P00443,0.0
M00143_P00448,5.818722347412386
M00143_P00452,5.866238814214793
M00143_P00462,6.401690984475217
M00143_P00463,6.284713071863126
M00143_P00465,6.26180140856062
M00143_P00468,0.0
M00143_P00574,0.0
M00143_P00579,6.160577989774107
M00143_P00582,0.0
M00143_P00584,0.0
M00143_P00586,5.909529858784685
M00143_P00590,6.305330708164306
M00144_P00209,5.879300805839304
M00144_P00210,0.0
M00144_P00211,0.0
M00144_P00219,0.0
M00144_P00221,6.244103729480755
M00144_P00222,6.340271505550101
M00144_P00232,5.864703279183022
M00144_P00234,7.0720851577100925
M00144_P00266,0.0
M00144_P00271,6.394232517020113
M00144_P00278,6.795059535828531
M00144_P00286,6.93012501307028
M00145_P00241,0.0
M00145_P00244,0.0
M00145_P00245,6.348642230258816
M00145_P00248,6.632349786760924
M00145_P00255,7.147116042768457
M00145_P00260,7.016006306650905
M00145_P01146,0.0
M00145_P01157,5.881519316260926
M00145_P01166,6.2194613910060745
M00145_P01169,5.881227700129699
M00146_P00108,5.869077023419407
M00146_P00110,0.0
M00146_P00114,0.0
M00146_P00124,0.0
M00146_P00129,5.899935828857874
M00146_P00705,0.0
M00146_P00707,6.447650328548093
M00146_P00716,0.0
M00146_P00718,0.0
M00146_P00724,6.034863608340691
M00146_P00728,6.3642259688470055
M00147_P00761,0.0
M00147_P00772,5.89612977625945
M00147_P00888,6.003985597156467
M00147_P00889,0.0
M00147_P00893,6.017784096648669
M00147_P00894,0.0
M00147_P00895,0.0
M00147_P00901,0.0
M00147_P00909,6.6429131281045715
M00148_P00345,5.88601938890821
M00148_P00347,6.111806084867414
M00148_P00351,0.0
M00148_P00353,5.868661307194759
M00148_P00359,6.098519659393027
M00148_P00362,0.0
M00148_P00705,5.883134634365108
M00148_P00707,6.519863646404495
M00148_P00716,6.182225193210079
M00148_P00718,0.0
M00148_P00724,5.892980096589613
M00148_P00728,0.0
M00149_P00625,6.360591415846337
M00149_P00630,0.0
M00149_P00632,6.502258404472009
M00149_P00635,6.3604683859924265
M00149_P00644,6.3714599719671074
M00149_P00645,0.0
M00149_P00650,6.3696897128555
M00149_P00940,0.0
M00149_P00948,0.0
M00149_P00950,6.141189501606639
M00149_P00951,0.0
M00149_P00959,0.0
M00149_P00962,7.262837074569393
M00150_P00515,5.835169231701724
M00150_P00574,0.0
M00150_P00579,6.076652801442602
M00150_P00582,6.337128391267591
M00150_P00584,6.354190615971797
M00150_P00586,6.022201158846092
M00150_P00590,7.099473181627501
M00151_P00678,0.0
M00151_P00679,0.0
M00151_P00680,6.129481783559576
M00151_P00681,6.0192428515119545
M00151_P00683,6.261313819365334
M00151_P00694,6.358653979381573
M00151_P00922,0.0
M00151_P00927,5.878390295351867
M00151_P00931,5.903627198295648
M00151_P00935,6.25490860520836
M00152_P00368,0.0
M00152_P00372,6.63854394188175
M00152_P00378,6.077483287946558
M00152_P00382,0.0
M00152_P00383,5.85775260278381
M00152_P00807,6.456175572702684
M00152_P00812,0.0
M00152_P00819,6.040701854064165
M00152_P00826,6.31786831356116
M00152_P00827,0.0
M00153_P00032,0.0
M00153_P00044,6.814091689040953
M00153_P00045,6.042018828340065
M00153_P00050,6.043753376264682
M00153_P00052,6.842076297856396
M00153_P00807,6.232641484189814
M00153_P00812,6.84082442392491
M00153_P00819,0.0
M00153_P00826,6.327010516500759
M00153_P00827,0.0
M00154_P01099,0.0
M00154_P01107,5.809623874407091
M00154_P01108,6.742950468174053
M00154_P01109,0.0
M00154_P01114,0.0
M00154_P01118,6.269031571097068
M00154_P01146,0.0
M00154_P01157,6.228527232562377
M00154_P01166,0.0
M00154_P01169,5.888792266838206
M00155_P00209,0.0
M00155_P00210,0.0
M00155_P00211,6.012532264217173
M00155_P00219,0.0
M00155_P00221,6.498359192209617
M00155_P00222,6.3845650028079195
M00155_P00232,6.024534096789758
M00155_P00234,7.118268162379261
M00155_P00761,0.0
M00155_P00772,5.979787846533132
M00156_P00655,6.154058424966873
M00156_P00662,6.011099558244568
M00156_P00666,6.29099369867185
M00156_P00668,0.0
M00156_P00669,6.610435591064568
M00156_P00673,0.0
M00156_P00674,0.0
M00156_P00991,7.00094228942077
M00156_P00993,0.0
M00156_P00997,5.866996120864038
M00156_P01000,6.58016505851575
M00156_P01010,0.0
M00157_P00136,0.0
M00157_P00141,6.968620564952602
M00157_P00148,6.009854176200787
M00157_P00156,6.407301894430817
M00157_P01099,6.291050533670148
M00157_P01107,0.0
M00157_P01108,6.827973320202102
M00157_P01109,6.336064674376822
M00157_P01114,5.961590350627539
M00157_P01118,6.672703494409855
M00158_P00287,5.878038302132023
M00158_P00290,0.0
M00158_P00291,0.0
M00158_P00295,6.786316493193287
M00158_P00297,5.867281674729967
M00158_P00298,5.879420530958995
M00158_P00299,0.0
M00158_P00304,5.87772948547201
M00158_P00307,0.0
M00158_P00309,0.0
M00158_P00310,6.270522227510555
M00158_P00761,6.299993613576365
M00158_P00772,6.053361933195752
M00159_P00529,5.859524669179995
M00159_P00535,5.8681851463188925
M00159_P00536,5.808148384124172
M00159_P00542,0.0
M00159_P00543,0.0
M00159_P00625,6.463751076644017
M00159_P00630,0.0
M00159_P00632,6.87838488790249
M00159_P00635,0.0
M00159_P00644,0.0
M00159_P00645,6.95533052652671
M00159_P00650,0.0
M00160_P00529,0.0
M00160_P00535,0.0
M00160_P00536,0.0
M00160_P00542,5.87548168150185
M00160_P00543,0.0
M00160_P00574,0.0
M00160_P00579,0.0
M00160_P00582,0.0
M00160_P00584,6.335909174334904
M00160_P00586,6.023536436620076
M00160_P00590,6.8434469094770085
M00161_P00443,6.300260587244493
M00161_P00448,5.880958621918178
M00161_P00452,5.884070660162114
M00161_P00462,0.0
M00161_P00463,0.0
M00161_P00465,6.261221063842952
M00161_P00468,6.222015256861873
M00161_P00705,0.0
M00161_P00707,6.50121121321975
M00161_P00716,6.463429691366547
M00161_P00718,7.010814265034628
M00161_P00724,0.0
M00161_P00728,6.347846379064452
M00162_P00032,6.528048027006131
M00162_P00044,6.832603170620001
M00162_P00045,0.0
M00162_P00050,6.075053686258875
M00162_P00052,6.213753308882109
M00162_P00782,0.0
M00162_P00786,0.0
M00162_P00788,7.086228671499351
M00162_P00797,6.428983334147257
M00162_P00803,6.461615619661606
M00163_P00368,6.148995102385435
M00163_P00372,6.619603247577157
M00163_P00378,0.0
M00163_P00382,6.020159857315995
M00163_P00383,6.018781052393876
M00163_P00574,5.837777416967658
M00163_P00579,0.0
M00163_P00582,0.0
M00163_P00584,6.123873784981268
M00163_P00586,5.848247317583084
M00163_P00590,0.0
M00164_P00055,5.85419975905166
M00164_P00057,5.865981276292661
M00164_P00059,0.0
M00164_P00064,0.0
M00164_P00066,7.096468233827944
M00164_P00071,6.268473742271386
M00164_P00077,6.1461028516597285
M00164_P01070,6.171294217662239
M00164_P01074,0.0
M00164_P01082,6.003913664596452
M00165_P00313,6.328339517956357
M00165_P00324,0.0
M00165_P00329,6.4317419088921985
M00165_P00333,0.0
M00165_P00334,6.495489584566522
M00165_P00391,5.881989827899487
M00165_P00399,0.0
M00165_P00410,6.546984365438517
M00165_P00416,0.0
M00166_P00209,0.0
M00166_P00210,0.0
M00166_P00211,5.859072336640951
M00166_P00219,5.849488838473068
M00166_P00221,6.3123772267619405
M00166_P00222,6.299367389888426
M00166_P00232,0.0
M00166_P00234,7.274685715735884
M00166_P00391,0.0
M00166_P00399,0.0
M00166_P00410,6.33374019990195
M00166_P00416,6.543288850443676
M00167_P00345,5.8779338590540195
M00167_P00347,6.259091119263982
M00167_P00351,0.0
M00167_P00353,5.83824110150849
M00167_P00359,0.0
M00167_P00362,5.8435529012418215
M00167_P00940,6.024114641794132
M00167_P00948,6.348197496816336
M00167_P00950,6.4360531777002254
M00167_P00951,6.371197274253151
M00167_P00959,0.0
M00167_P00962,6.762753578795524
M00168_P00266,6.373439899627153
M00168_P00271,0.0
M00168_P00278,6.913956416747201
M00168_P00286,0.0
M00168_P00611,5.895047139317455
M00168_P00618,0.0
M00168_P00619,0.0
M00168_P00622,0.0
M00169_P00266,0.0
M00169_P00271,6.400688765486516
M00169_P00278,6.780480966903928
M00169_P00286,0.0
M00169_P00529,5.900657442175754
M00169_P00535,0.0
M00169_P00536,5.8855111709113626
M00169_P00542,0.0
M00169_P00543,6.168862583608719
M00170_P00515,0.0
M00170_P00965,0.0
M00170_P00966,6.020495880641152
M00170_P00975,6.761318191699036
M00170_P00978,6.78894396563737
M00170_P00980,6.463448328412803
M00170_P00986,0.0
M00171_P00655,6.1027855968764175
M00171_P00662,0.0
M00171_P00666,6.290893644871485
M00171_P00668,0.0
M00171_P00669,6.340540504967221
M00171_P00673,0.0
M00171_P00674,5.908371158068779
M00171_P01201,6.0283052525048655
M00171_P01209,6.019961844980246
M00171_P01210,0.0
M00171_P01211,0.0
M00171_P01214,0.0
M00172_P00965,0.0
M00172_P00966,5.843200306892714
M00172_P00975,6.850283610824179
M00172_P00978,0.0
M00172_P00980,6.2678430779210546
M00172_P00986,7.043738291061325
M00172_P01177,6.228651332283017
M00172_P01182,0.0
M00172_P01184,5.890558552781036
M00172_P01193,0.0
M00172_P01196,6.35041898876308
M00173_P00157,5.85138809447643
M00173_P00159,0.0
M00173_P00164,6.280365153127792
M00173_P00169,5.901450926004538
M00173_P00171,6.301276135937387
M00173_P00175,0.0
M00173_P01177,0.0
M00173_P01182,6.044108673918157
M00173_P01184,0.0
M00173_P01193,6.035625743960199
M00173_P01196,0.0
M00174_P00991,0.0
M00174_P00993,5.859263959205311
M00174_P00997,0.0
M00174_P01000,0.0
M00174_P01010,6.35284682813077
M00174_P01120,0.0
M00175_P00574,5.854546392000691
M00175_P00579,6.120905616730076
M00175_P00582,6.20931683079824
M00175_P00584,6.204984202536715
M00175_P00586,0.0
M00175_P00590,6.747466456353931
M00175_P00922,0.0
M00175_P00927,0.0
M00175_P00931,6.273761902526856
M00175_P00935,6.431998494982537
M00176_P00108,0.0
M00176_P00110,5.849004200471203
M00176_P00114,6.919150422721383
M00176_P00124,6.257910849119505
M00176_P00129,6.202996640402356
M00176_P00863,0.0
M00176_P00880,0.0
M00176_P00882,0.0
M00177_P00011,6.0283026802996025
M00177_P00024,6.049109035289284
M00177_P00705,0.0
M00177_P00707,6.288468136255843
M00177_P00716,6.293253376658263
M00177_P00718,6.503722678807785
M00177_P00724,0.0
M00177_P00728,0.0
M00178_P00611,0.0
M00178_P00618,0.0
M00178_P00619,5.94620841087983
M00178_P00622,5.8871042655639965
M00178_P00705,6.023526203593548
M00178_P00707,0.0
M00178_P00716,0.0
M00178_P00718,6.682282567664598
M00178_P00724,0.0
M00178_P00728,0.0
M00179_P00241,0.0
M00179_P00244,0.0
M00179_P00245,0.0
M00179_P00248,6.559716178410632
M00179_P00255,6.986942795864425
M00179_P00260,0.0
M00179_P01177,6.352005375644588
M00179_P01182,6.01200264543689
M00179_P01184,6.039037884619837
M00179_P01193,0.0
M00179_P01196,0.0
M00180_P00863,6.034250181590551
M00180_P00880,0.0
M00180_P00882,0.0
M00180_P01201,0.0
M00180_P01209,5.890264098028208
M00180_P01210,0.0
M00180_P01211,7.002174310702832
M00180_P01214,5.896798950689297
M00181_P00888,0.0
M00181_P00889,6.145064913076072
M00181_P00893,0.0
M00181_P00894,6.708291873955051
M00181_P00895,0.0
M00181_P00901,0.0
M00181_P00909,6.527366580476164
M00181_P01020,6.759489503711877
M00181_P01034,5.822511866976819
M00181_P01037,5.8662211450019175
M00181_P01038,6.018912681917113
M00182_P00705,0.0
M00182_P00707,6.378088519287312
M00182_P00716,6.18686231288887
M00182_P00718,6.680253200577832
M00182_P00724,5.897265933813246
M00182_P00728,6.181670455229429
M00182_P00761,0.0
M00182_P00772,6.035513168104037
M00183_P00391,0.0
M00183_P00399,0.0
M00183_P00410,6.233295628022239
M00183_P00416,5.915663415769061
M00183_P00529,0.0
M00183_P00535,0.0
M00183_P00536,0.0
M00183_P00542,0.0
M00183_P00543,6.353312225601718
M00184_P00391,5.8834132541393265
M00184_P00399,0.0
M00184_P00410,6.515459141108039
M00184_P00416,6.6192740767789084
M00184_P00732,0.0
M00184_P00738,0.0
M00184_P00742,6.267257503684237
M00184_P00744,0.0
M00184_P00747,0.0
M00184_P00753,5.902930397720278
M00185_P00940,0.0
M00185_P00948,0.0
M00185_P00950,6.188408379941111
M00185_P00951,6.281577996231165
M00185_P00959,0.0
M00185_P00962,6.940449487575602
M00185_P01041,0.0
M00185_P01042,0.0
M00185_P01048,6.193689513046985
M00185_P01049,7.032740392526257
M00185_P01051,6.354323389147054
M00185_P01055,0.0
M00185_P01063,0.0
M00185_P01064,6.046966441941532
M00186_P00032,6.299842194931155
M00186_P00044,7.390626473769788
M00186_P00045,0.0
M00186_P00050,0.0
M00186_P00052,0.0
M00186_P00549,5.8918331126476895
M00186_P00552,5.875353250044677
M00186_P00554,0.0
M00186_P00561,0.0
M00186_P00562,5.8975298035326364
M00186_P00568,5.899281706193374
M00187_P00287,0.0
M00187_P00290,6.0156497946689695
M00187_P00291,6.041232891443488
M00187_P00295,6.917785844394811
M00187_P00297,0.0
M00187_P00298,0.0
M00187_P00299,6.0159727409488974
M00187_P00304,6.021527826009646
M00187_P00307,0.0
M00187_P00309,0.0
M00187_P00310,6.336521572703107
M00187_P00835,6.028823286544572
M00187_P00840,5.878784121537223
M00187_P00844,0.0
M00187_P00847,5.872144464221967
M00187_P00848,0.0
M00187_P00856,6.262111148357815
M00188_P00423,0.0
M00188_P00424,0.0
M00188_P00425,6.6075287916656
M00188_P00426,6.227750125106528
M00188_P00431,5.876733062484887
M00188_P00436,6.388141441995325
M00188_P00440,5.884751633529403
M00188_P00574,0.0
M00188_P00579,0.0
M00188_P00582,5.988361880588262
M00188_P00584,6.250883111464275
M00188_P00586,5.8245725011590705
M00188_P00590,7.211327292240393
M00189_P00011,0.0
M00189_P00024,5.846363578313043
M00189_P00922,0.0
M00189_P00927,6.005814128673815
M00189_P00931,0.0
M00189_P00935,0.0
M00190_P00136,0.0
M00190_P00141,6.845258288476498
M00190_P00148,6.019824270656683
M00190_P00156,6.352862650817301
M00190_P00423,0.0
M00190_P00424,0.0
M00190_P00425,6.236402077454505
M00190_P00426,5.854055048244119
M00190_P00431,5.8796533310627925
M00190_P00436,0.0
M00190_P00440,0.0
M00191_P00807,0.0
M00191_P00812,7.174809855391025
M00191_P00819,0.0
M00191_P00826,6.235163346910827
M00191_P00827,0.0
M00191_P00940,0.0
M00191_P00948,0.0
M00191_P00950,0.0
M00191_P00951,0.0
M00191_P00959,6.206067193176702
M00191_P00962,0.0
M00192_P00782,6.39725004896854
M00192_P00786,6.1126209402278535
M00192_P00788,6.928772058249752
M00192_P00797,0.0
M00192_P00803,6.560012251463894
M00192_P01146,6.990728042862927
M00192_P01157,5.879435091117291
M00192_P01166,6.787296193253544
M00192_P01169,0.0
M00193_P00032,6.504163652767889
M00193_P00044,6.760460557040797
M00193_P00045,5.925124641090945
M00193_P00050,6.009927756110123
M00193_P00052,0.0
M00193_P00732,0.0
M00193_P00738,0.0
M00193_P00742,6.401495269702444
M00193_P00744,0.0
M00193_P00747,0.0
M00193_P00753,6.3389964293964
M00194_P00368,5.832911278116773
M00194_P00372,6.609863524931533
M00194_P00378,0.0
M00194_P00382,0.0
M00194_P00383,0.0
M00194_P00678,0.0
M00194_P00679,0.0
M00194_P00680,5.934577291438054
M00194_P00681,5.863122692154223
M00194_P00683,6.58100440670384
M00194_P00694,6.237226779560982
M00195_P00515,0.0
M00195_P01120,6.005796087652723
M00196_P00782,0.0
M00196_P00786,0.0
M00196_P00788,0.0
M00196_P00797,6.356963309780985
M00196_P00803,6.389542973326784
M00196_P00940,5.875721602469164
M00196_P00948,6.260310139227636
M00196_P00950,0.0
M00196_P00951,0.0
M00196_P00959,0.0
M00196_P00962,7.0009099504407395
M00197_P00705,0.0
M00197_P00707,0.0
M00197_P00716,6.207027079060906
M00197_P00718,6.773372288678124
M00197_P00724,0.0
M00197_P00728,0.0
M00197_P00940,6.030804893339824
M00197_P00948,0.0
M00197_P00950,6.290468781373538
M00197_P00951,6.567772748510849
M00197_P00959,6.01094897143869
M00197_P00962,6.9798949918945
M00198_P00761,6.340851411167794
M00198_P00772,6.032240351288286
M00198_P01146,0.0
M00198_P01157,0.0
M00198_P01166,6.252519243622395
M00198_P01169,0.0
M00199_P00368,0.0
M00199_P00372,0.0
M00199_P00378,0.0
M00199_P00382,6.00768909288803
M00199_P00383,0.0
M00199_P00423,0.0
M00199_P00424,5.845513593776315
M00199_P00425,6.144992136355817
M00199_P00426,5.873982832385758
M00199_P00431,0.0
M00199_P00436,6.2929035689793436
M00199_P00440,0.0
M00200_P00185,0.0
M00200_P00193,0.0
M00200_P00197,5.837508590112211
M00200_P00199,5.836855207115932
M00200_P00200,5.884329301414409
M00200_P00529,0.0
M00200_P00535,5.860364067896919
M00200_P00536,0.0
M00200_P00542,0.0
M00200_P00543,6.090318123232179
M00201_P00313,0.0
M00201_P00324,6.37030979171861
M00201_P00329,0.0
M00201_P00333,0.0
M00201_P00334,6.438395972983999
M00201_P00368,5.871171432883232
M00201_P00372,6.856159416070693
M00201_P00378,6.102322913617582
M00201_P00382,5.868849461811988
M00201_P00383,6.195560983673083
M00202_P00443,6.333639398005178
M00202_P00448,6.021829113463875
M00202_P00452,0.0
M00202_P00462,6.38416509276281
M00202_P00463,0.0
M00202_P00465,6.1087694715196745
M00202_P00468,0.0
M00202_P01223,0.0
M00202_P01234,6.650184919678461
M00202_P01236,5.880342358218299
M00202_P01241,6.248421889877699
M00202_P01242,0.0
M00203_P00157,0.0
M00203_P00159,0.0
M00203_P00164,0.0
M00203_P00169,6.0395181908625135
M00203_P00171,0.0
M00203_P00175,6.278318314882179
M00203_P00345,5.882863708296686
M00203_P00347,6.225137332396752
M00203_P00351,6.180108951687702
M00203_P00353,0.0
M00203_P00359,0.0
M00203_P00362,5.884315738979638
M00204_P00287,0.0
M00204_P00290,6.020831160205484
M00204_P00291,0.0
M00204_P00295,6.931151478973445
M00204_P00297,6.042377863911132
M00204_P00298,0.0
M00204_P00299,6.032791947423095
M00204_P00304,6.399599164226681
M00204_P00307,0.0
M00204_P00309,6.425989070473734
M00204_P00310,0.0
M00204_P00611,0.0
M00204_P00618,6.282800277695667
M00204_P00619,0.0
M00204_P00622,5.8866017373593635
M00205_P00888,0.0
M00205_P00889,0.0
M00205_P00893,5.816914799243741
M00205_P00894,6.361544703653011
M00205_P00895,6.138751854410703
M00205_P00901,6.941097702672912
M00205_P00909,0.0
M00205_P01177,0.0
M00205_P01182,6.388620650037831
M00205_P01184,6.01840869358896
M00205_P01193,6.050167722104017
M00205_P01196,0.0
M00206_P00055,0.0
M00206_P00057,6.021271911966128
M00206_P00059,0.0
M00206_P00064,6.019559946498123
M00206_P00066,7.156903296974452
M00206_P00071,6.5409675881897655
M00206_P00077,6.409317770439414
M00206_P00108,5.870548981572726
M00206_P00110,5.957000335622248
M00206_P00114,7.04497663632833
M00206_P00124,0.0
M00206_P00129,5.902102053335143
M00207_P00209,0.0
M00207_P00210,7.212676477743905
M00207_P00211,0.0
M00207_P00219,0.0
M00207_P00221,6.206941694070215
M00207_P00222,6.420665015804499
M00207_P00232,0.0
M00207_P00234,0.0
M00207_P01146,0.0
M00207_P01157,0.0
M00207_P01166,6.77336172816411
M00207_P01169,6.040426576898709
M00208_P00011,5.884517577487036
M00208_P00024,0.0
M00208_P00157,6.098935613465113
M00208_P00159,0.0
M00208_P00164,6.320911257244827
M00208_P00169,6.02026075258943
M00208_P00171,0.0
M00208_P00175,0.0
M00209_P00782,6.3264366605282305
M00209_P00786,0.0
M00209_P00788,0.0
M00209_P00797,6.408653103984418
M00209_P00803,0.0
M00209_P00807,6.264073283687
M00209_P00812,6.732251039661772
M00209_P00819,6.217071460739619
M00209_P00826,6.2480533574875565
M00209_P00827,6.941234666777271
M00210_P00079,0.0
M00210_P00082,6.198539898247643
M00210_P00087,5.876042153733746
M00210_P00097,6.2880570488131875
M00210_P00102,0.0
M00210_P00287,0.0
M00210_P00290,6.007884479493486
M00210_P00291,6.0606943020232515
M00210_P00295,6.84230842460085
M00210_P00297,0.0
M00210_P00298,6.053750750024696
M00210_P00299,6.013748137400257
M00210_P00304,0.0
M00210_P00307,0.0
M00210_P00309,0.0
M00210_P00310,0.0
M00211_P00108,0.0
M00211_P00110,6.021278637270046
M00211_P00114,6.781300922232441
M00211_P00124,0.0
M00211_P00129,6.026734798358714
M00211_P00185,0.0
M00211_P00193,6.260054721670846
M00211_P00197,0.0
M00211_P00199,0.0
M00211_P00200,5.8487439024264525
M00212_P00108,5.843591517389471
M00212_P00110,5.875788020597699
M00212_P00114,0.0
M00212_P00124,6.253221065058426
M00212_P00129,5.8794308310484515
M00212_P00965,0.0
M00212_P00966,5.879072661026775
M00212_P00975,0.0
M00212_P00978,6.936570707528602
M00212_P00980,6.341785892887198
M00212_P00986,6.472948757363322
M00213_P00241,5.856114689957926
M00213_P00244,5.801829197447472
M00213_P00245,0.0
M00213_P00248,0.0
M00213_P00255,0.0
M00213_P00260,6.757954839150289
M00213_P00266,6.249546071532275
M00213_P00271,6.346792821560155
M00213_P00278,6.771542718315357
M00213_P00286,0.0
M00214_P00136,6.965586794845169
M00214_P00141,0.0
M00214_P00148,0.0
M00214_P00156,6.331422771783604
M00214_P00423,0.0
M00214_P00424,5.867639302834812
M00214_P00425,6.306196005246266
M00214_P00426,0.0
M00214_P00431,5.861544210589809
M00214_P00436,0.0
M00214_P00440,5.896637108336168
M00215_P00991,6.756282598784099
M00215_P00993,0.0
M00215_P00997,5.83000190534222
M00215_P01000,6.153468160861909
M00215_P01010,0.0
M00215_P01020,6.759506257259571
M00215_P01034,0.0
M00215_P01037,0.0
M00215_P01038,6.034514246196282
M00216_P00625,0.0
M00216_P00630,6.218812162311216
M00216_P00632,0.0
M00216_P00635,6.475834710728236
M00216_P00644,6.319970675156258
M00216_P00645,0.0
M00216_P00650,6.8070274775970345
M00216_P00863,0.0
M00216_P00880,6.27302397774999
M00216_P00882,0.0
M00217_P00515,0.0
M00217_P00991,7.018562254224712
M00217_P00993,5.800580193188994
M00217_P00997,5.939947720027863
M00217_P01000,6.250511041329264
M00217_P01010,0.0
M00218_P00940,0.0
M00218_P00948,6.263123087208726
M00218_P00950,6.171763500299543
M00218_P00951,6.519125102826138
M00218_P00959,5.865796680764468
M00218_P00962,0.0
M00218_P01041,0.0
M00218_P01042,5.826030665977765
M00218_P01048,0.0
M00218_P01049,6.9795587380590165
M00218_P01051,6.2259401881844125
M00218_P01055,5.928749244066559
M00218_P01063,0.0
M00218_P01064,6.131771734249332
M00219_P00345,5.882997292479206
M00219_P00347,6.196534872406215
M00219_P00351,6.2627050802518625
M00219_P00353,0.0
M00219_P00359,6.255145812692885
M00219_P00362,5.840364640120054
M00219_P01070,0.0
M00219_P01074,0.0
M00219_P01082,0.0
M00220_P00136,0.0
M00220_P00141,6.782184329560428
M00220_P00148,5.884228885009083
M00220_P00156,6.116183118322969
M00220_P01099,6.1839366670110305
M00220_P01107,0.0
M00220_P01108,0.0
M00220_P01109,6.333601656974719
M00220_P01114,6.226344613185672
M00220_P01118,0.0
M00221_P00287,0.0
M00221_P00290,5.882155569318846
M00221_P00291,6.202171481776195
M00221_P00295,0.0
M00221_P00297,0.0
M00221_P00298,5.87976601989495
M00221_P00299,5.888568263926065
M00221_P00304,5.8183110558742825
M00221_P00307,6.256152193843037
M00221_P00309,6.25649619879643
M00221_P00310,6.214669956738663
M00221_P00940,0.0
M00221_P00948,6.266953569565118
M00221_P00950,6.56482887667978
M00221_P00951,6.301903386188393
M00221_P00959,0.0
M00221_P00962,0.0
M00222_P00011,5.87201110410262
M00222_P00024,0.0
M00222_P00705,5.870527414612638
M00222_P00707,0.0
M00222_P00716,6.218414698372991
M00222_P00718,0.0
M00222_P00724,5.895743814584477
M00222_P00728,6.278815384137888
M00223_P00055,0.0
M00223_P00057,0.0
M00223_P00059,6.297572701554916
M00223_P00064,6.042943923041125
M00223_P00066,7.185673803081375
M00223_P00071,0.0
M00223_P00077,6.4823276891150785
M00223_P00478,5.833898337208346
M00223_P00479,0.0
M00223_P00486,6.316719652837017
M00223_P00491,0.0
M00224_P00478,6.057330036316891
M00224_P00479,0.0
M00224_P00486,0.0
M00224_P00491,0.0
M00224_P01177,6.2450318118624315
M00224_P01182,0.0
M00224_P01184,0.0
M00224_P01193,0.0
M00224_P01196,6.2815317289660015
M00225_P00108,5.940797330194216
M00225_P00110,5.851737004779381
M00225_P00114,7.070114933281958
M00225_P00124,6.179179733481367
M00225_P00129,5.865184240927859
M00225_P01146,6.95835987880043
M00225_P01157,6.123334136897941
M00225_P01166,0.0
M00225_P01169,6.042359145060147
M00226_P00965,0.0
M00226_P00966,5.8908494286366
M00226_P00975,6.759816292889609
M00226_P00978,0.0
M00226_P00980,6.164511237547584
M00226_P00986,0.0
M00226_P01041,6.031837892146983
M00226_P01042,0.0
M00226_P01048,0.0
M00226_P01049,0.0
M00226_P01051,6.278538770505974
M00226_P01055,6.020103908503514
M00226_P01063,6.009017409058396
M00226_P01064,0.0
M00227_P00185,0.0
M00227_P00193,0.0
M00227_P00197,5.845083903898982
M00227_P00199,5.841280358294935
M00227_P00200,0.0
M00227_P00705,5.8618288084963766
M00227_P00707,0.0
M00227_P00716,6.216287794966884
M00227_P00718,0.0
M00227_P00724,5.851506189926049
M00227_P00728,6.147796041317001
M00228_P00241,0.0
M00228_P00244,5.873516964903596
M00228_P00245,6.194107370286605
M00228_P00248,6.217009424328196
M00228_P00255,0.0
M00228_P00260,6.8644803332943205
M00228_P01070,0.0
M00228_P01074,6.3801179220101
M00228_P01082,0.0
M00229_P00079,0.0
M00229_P00082,0.0
M00229_P00087,5.8799627969554225
M00229_P00097,6.107566510578963
M00229_P00102,0.0
M00229_P00108,0.0
M00229_P00110,5.877022676861444
M00229_P00114,6.963477528661273
M00229_P00124,6.217545955121034
M00229_P00129,6.2087722319302
M00230_P00940,5.880746309893706
M00230_P00948,6.273206650426792
M00230_P00950,0.0
M00230_P00951,6.331261921289612
M00230_P00959,5.8427733578072685
M00230_P00962,6.727274030301297
M00230_P00991,0.0
M00230_P00993,5.847484283493818
M00230_P00997,5.892399456561983
M00230_P01000,6.515776859115358
M00230_P01010,0.0
M00231_P00185,6.032231442216442
M00231_P00193,0.0
M00231_P00197,6.0136463194897445
M00231_P00199,6.07138588896946
M00231_P00200,6.011902934270584
M00231_P00782,6.177405152803062
M00231_P00786,5.891262604669496
M00231_P00788,0.0
M00231_P00797,6.257323208567993
M00231_P00803,6.210696447022473
M00232_P00655,6.582537844852425
M00232_P00662,0.0
M00232_P00666,0.0
M00232_P00668,0.0
M00232_P00669,0.0
M00232_P00673,7.0146620255729495
M00232_P00674,6.098023192305816
M00232_P01146,0.0
M00232_P01157,0.0
M00232_P01166,6.316826264871986
M00232_P01169,6.00016270319685
M00233_P00136,7.070629253124304
M00233_P00141,6.952670790174579
M00233_P00148,6.236257035533
M00233_P00156,6.572268501138142
M00233_P00732,6.024788332299448
M00233_P00738,6.031087972783702
M00233_P00742,0.0
M00233_P00744,6.034733975906757
M00233_P00747,7.207883396468068
M00233_P00753,6.347148674857424
M00234_P00529,6.036846411564649
M00234_P00535,6.01566088897359
M00234_P00536,6.019822862715349
M00234_P00542,0.0
M00234_P00543,0.0
M00234_P00705,0.0
M00234_P00707,0.0
M00234_P00716,6.265543409332621
M00234_P00718,6.760573690063815
M00234_P00724,5.858314011220435
M00234_P00728,0.0
M00235_P00032,7.1458492843530905
M00235_P00044,0.0
M00235_P00045,5.85256484573051
M00235_P00050,5.862338313782804
M00235_P00052,0.0
M00235_P00157,0.0
M00235_P00159,6.116276321319918
M00235_P00164,0.0
M00235_P00169,6.065593099216963
M00235_P00171,6.3604431169592655
M00235_P00175,0.0
M00236_P00443,0.0
M00236_P00448,0.0
M00236_P00452,5.851301729268941
M00236_P00462,6.271774122958948
M00236_P00463,0.0
M00236_P00465,6.248933064511448
M00236_P00468,6.321230336585464
M00236_P01120,5.834752552893837
M00237_P00287,0.0
M00237_P00290,5.84674379686285
M00237_P00291,5.875623620206813
M00237_P00295,0.0
M00237_P00297,0.0
M00237_P00298,5.903862655222611
M00237_P00299,5.839384225104838
M00237_P00304,5.8882924829808125
M00237_P00307,6.285764776928383
M00237_P00309,0.0
M00237_P00310,0.0
M00237_P00807,0.0
M00237_P00812,7.127113251055756
M00237_P00819,6.018438210288946
M00237_P00826,6.2144774564578915
M00237_P00827,0.0
M00238_P00287,5.882148721742357
M00238_P00290,0.0
M00238_P00291,5.78585793808475
M00238_P00295,0.0
M00238_P00297,5.856693907954826
M00238_P00298,5.872900254828771
M00238_P00299,5.845466860078875
M00238_P00304,5.863863656616214
M00238_P00307,0.0
M00238_P00309,0.0
M00238_P00310,6.1418098646862775
M00238_P00443,0.0
M00238_P00448,0.0
M00238_P00452,6.015757526501392
M00238_P00462,0.0
M00238_P00463,6.737500283382215
M00238_P00465,0.0
M00238_P00468,6.3550538951292985
M00239_P00807,0.0
M00239_P00812,6.977436177178797
M00239_P00819,5.8794441323706845
M00239_P00826,6.5757146820811
M00239_P00827,6.750652173066392
M00239_P01041,5.875317239215892
M00239_P01042,0.0
M00239_P01048,0.0
M00239_P01049,6.895549471319389
M00239_P01051,6.138918743538167
M00239_P01055,0.0
M00239_P01063,0.0
M00239_P01064,5.911477485534386
M00240_P00574,0.0
M00240_P00579,6.243733215598667
M00240_P00582,6.206357048714982
M00240_P00584,6.207782324445878
M00240_P00586,0.0
M00240_P00590,6.656382266663339
M00240_P00705,0.0
M00240_P00707,0.0
M00240_P00716,0.0
M00240_P00718,6.8346845536738146
M00240_P00724,6.028627059050272
M00240_P00728,6.344623164196431
M00241_P00157,0.0
M00241_P00159,5.874214636350602
M00241_P00164,6.100309418134713
M00241_P00169,5.864620673294874
M00241_P00171,6.266231202908479
M00241_P00175,6.225648720091868
M00241_P01099,0.0
M00241_P01107,0.0
M00241_P01108,6.722614928080441
M00241_P01109,0.0
M00241_P01114,6.407451344725468
M00241_P01118,6.739343253467386
M00242_P00678,5.854659604477575
M00242_P00679,0.0
M00242_P00680,5.901255977237616
M00242_P00681,0.0
M00242_P00683,6.21631498235856
M00242_P00694,6.336837624608695
M00242_P01177,6.47084682127556
M00242_P01182,5.87803994324888
M00242_P01184,5.892465254697012
M00242_P01193,5.8891437970958656
M00242_P01196,6.264464277004532
M00243_P00655,6.098259820965092
M00243_P00662,0.0
M00243_P00666,6.2373107090925854
M00243_P00668,0.0
M00243_P00669,6.240266474566615
M00243_P00673,0.0
M00243_P00674,0.0
M00243_P01099,0.0
M00243_P01107,6.207131239631289
M00243_P01108,7.0799766746250965
M00243_P01109,0.0
M00243_P01114,0.0
M00243_P01118,6.441679761573911
M00244_P00136,0.0
M00244_P00141,6.925272623615832
M00244_P00148,0.0
M00244_P00156,0.0
M00244_P00761,6.2699158389018
M00244_P00772,0.0
M00245_P00185,0.0
M00245_P00193,6.247660109086702
M00245_P00197,0.0
M00245_P00199,0.0
M00245_P00200,5.886290465458519
M00245_P00529,0.0
M00245_P00535,6.007982024898629
M00245_P00536,0.0
M00245_P00542,0.0
M00245_P00543,0.0
M00246_P00011,5.8369318017508185
M00246_P00024,6.152886379734058
M00246_P00835,6.2965507757274155
M00246_P00840,0.0
M00246_P00844,6.019927168538286
M00246_P00847,0.0
M00246_P00848,6.019527975961149
M00246_P00856,6.5090901824613665
M00247_P00079,0.0
M00247_P00082,6.330509101887332
M00247_P00087,6.037894033213139
M00247_P00097,6.672551373142304
M00247_P00102,0.0
M00247_P00678,0.0
M00247_P00679,0.0
M00247_P00680,5.911183443839584
M00247_P00681,5.878601107536915
M00247_P00683,0.0
M00247_P00694,0.0
M00248_P00807,0.0
M00248_P00812,0.0
M00248_P00819,0.0
M00248_P00826,6.353398423532404
M00248_P00827,6.727715472791789
M00248_P01020,6.866161599559586
M00248_P01034,5.881914920125861
M00248_P01037,0.0
M00248_P01038,0.0
M00249_P00079,0.0
M00249_P00082,0.0
M00249_P00087,0.0
M00249_P00097,6.542609353927281
M00249_P00102,5.931729691891167
M00249_P00368,0.0
M00249_P00372,0.0
M00249_P00378,6.066626413009386
M00249_P00382,5.840674763573657
M00249_P00383,0.0
M00250_P00478,6.033725078266317
M00250_P00479,6.756060593675652
M00250_P00486,0.0
M00250_P00491,6.01812277205071
M00250_P00761,0.0
M00250_P00772,5.8576908734741835
M00251_P00032,0.0
M00251_P00044,0.0
M00251_P00045,0.0
M00251_P00050,6.060134437377278
M00251_P00052,6.416614940474551
M00251_P00185,0.0
M00251_P00193,0.0
M00251_P00197,5.811058424769953
M00251_P00199,0.0
M00251_P00200,0.0
M00252_P00266,0.0
M00252_P00271,6.416339790339911
M00252_P00278,6.8959469064236085
M00252_P00286,6.542083397420157
M00252_P01177,0.0
M00252_P01182,5.861887344124054
M00252_P01184,5.897143653655031
M00252_P01193,5.895236937515235
M00252_P01196,6.323816886041657
M00253_P00678,0.0
M00253_P00679,0.0
M00253_P00680,6.233747087143643
M00253_P00681,0.0
M00253_P00683,6.323492785123619
M00253_P00694,6.228976382027678
M00253_P00922,6.119839613339451
M00253_P00927,0.0
M00253_P00931,0.0
M00253_P00935,6.5313741351768035
M00254_P00185,6.018710378738848
M00254_P00193,6.426503472230407
M00254_P00197,6.047761834543344
M00254_P00199,0.0
M00254_P00200,6.016511569760902
M00254_P00782,0.0
M00254_P00786,5.93097125549169
M00254_P00788,6.9028570739827835
M00254_P00797,6.233904607329006
M00254_P00803,6.266814060574223
M00255_P00807,0.0
M00255_P00812,7.0573976934608345
M00255_P00819,6.018446310339458
M00255_P00826,6.661386674564053
M00255_P00827,6.783010436324605
M00255_P01201,0.0
M00255_P01209,5.89582224361056
M00255_P01210,5.856592304183282
M00255_P01211,0.0
M00255_P01214,0.0
M00256_P00678,0.0
M00256_P00679,0.0
M00256_P00680,5.922016210876721
M00256_P00681,5.898863694737895
M00256_P00683,0.0
M00256_P00694,0.0
M00256_P00807,0.0
M00256_P00812,0.0
M00256_P00819,6.025649385556803
M00256_P00826,6.322087729638551
M00256_P00827,6.7184499720531665
M00257_P00761,6.354706044796806
M00257_P00772,6.037494951281401
M00257_P00940,6.040544979935148
M00257_P00948,0.0
M00257_P00950,0.0
M00257_P00951,0.0
M00257_P00959,5.982552002244492
M00257_P00962,6.9080436470734545
M00258_P00313,6.2463594148834565
M00258_P00324,6.220954294581969
M00258_P00329,5.894060758119747
M00258_P00333,6.326973575255628
M00258_P00334,6.550790546220586
M00258_P01020,6.978515722692187
M00258_P01034,5.855973769556866
M00258_P01037,0.0
M00258_P01038,0.0
M00259_P00108,6.028403857400994
M00259_P00110,0.0
M00259_P00114,6.926186589933121
M00259_P00124,6.343261532103667
M00259_P00129,6.048556979374106
M00259_P00478,5.862841839972488
M00259_P00479,6.905638034916768
M00259_P00486,0.0
M00259_P00491,0.0
M00260_P00549,0.0
M00260_P00552,0.0
M00260_P00554,6.223259129841455
M00260_P00561,7.020727602346992
M00260_P00562,5.873869229705471
M00260_P00568,5.863513658468807
M00260_P00863,0.0
M00260_P00880,0.0
M00260_P00882,7.2138602016738025
M00261_P00478,0.0
M00261_P00479,0.0
M00261_P00486,6.2693819737947605
M00261_P00491,5.865128037416314
M00261_P01223,0.0
M00261_P01234,7.0218053121475625
M00261_P01236,5.824537987082176
M00261_P01241,0.0
M00261_P01242,0.0
M00262_P00241,6.018801577700994
M00262_P00244,6.0414802031451345
M00262_P00245,6.334030348953165
M00262_P00248,6.581261095254965
M00262_P00255,7.204206109281656
M00262_P00260,0.0
M00262_P00761,6.360128786064052
M00262_P00772,5.860715713577378
M00263_P00549,0.0
M00263_P00552,0.0
M00263_P00554,0.0
M00263_P00561,0.0
M00263_P00562,0.0
M00263_P00568,6.257328499941053
M00263_P00574,5.876649674030627
M00263_P00579,6.213996993055055
M00263_P00582,0.0
M00263_P00584,6.239073143832502
M00263_P00586,5.905029720277757
M00263_P00590,6.660579515012362
M00264_P00529,6.03509327155486
M00264_P00535,0.0
M00264_P00536,6.124358613813021
M00264_P00542,0.0
M00264_P00543,0.0
M00264_P00761,6.2375502914592085
M00264_P00772,5.8020692077375395
M00265_P00625,6.259139945625578
M00265_P00630,5.860461685439949
M00265_P00632,0.0
M00265_P00635,0.0
M00265_P00644,6.214328474400678
M00265_P00645,7.232565323909686
M00265_P00650,0.0
M00265_P00940,5.8718362517093805
M00265_P00948,6.218201618149584
M00265_P00950,6.27683605263253
M00265_P00951,6.1784082156076385
M00265_P00959,6.330579677870078
M00265_P00962,6.991377208788668
M00266_P00055,5.8546545711695135
M00266_P00057,5.893166959835521
M00266_P00059,0.0
M00266_P00064,0.0
M00266_P00066,6.9442458602785715
M00266_P00071,6.264118761634237
M00266_P00077,6.322389502740268
M00266_P00549,0.0
M00266_P00552,0.0
M00266_P00554,6.356599084822689
M00266_P00561,7.078382652202727
M00266_P00562,6.034887744229035
M00266_P00568,0.0
M00267_P00625,0.0
M00267_P00630,0.0
M00267_P00632,6.241843313967309
M00267_P00635,5.994288685697363
M00267_P00644,0.0
M00267_P00645,0.0
M00267_P00650,6.227095782127004
M00267_P01177,0.0
M00267_P01182,5.97866976311014
M00267_P01184,5.954101227864723
M00267_P01193,6.029413369280539
M00267_P01196,6.386968653875621
M00268_P00055,6.014794803911409
M00268_P00057,6.020383417469824
M00268_P00059,0.0
M00268_P00064,6.0172507914384346
M00268_P00066,7.210214967238802
M00268_P00071,6.464953621697923
M00268_P00077,6.389842762547902
M00268_P00807,0.0
M00268_P00812,7.1891963079521615
M00268_P00819,0.0
M00268_P00826,6.2671596773847265
M00268_P00827,6.8318176735769045
M00269_P00157,6.007469089814964
M00269_P00159,0.0
M00269_P00164,0.0
M00269_P00169,6.020297600880371
M00269_P00171,6.6426364919169885
M00269_P00175,6.460815620115086
M00269_P00761,6.545444561556219
M00269_P00772,5.787817646115108
M00270_P00011,5.885487549403194
M00270_P00024,6.004688284936027
M00270_P01223,5.825276752508812
M00270_P01234,6.6926169285426464
M00270_P01236,0.0
M00270_P01241,6.255190642424079
M00270_P01242,6.280748077953593
M00271_P00241,5.894610821086065
M00271_P00244,6.164250464880214
M00271_P00245,6.255773896543911
M00271_P00248,6.204402472412873
M00271_P00255,7.077084985102577
M00271_P00260,6.756385396647256
M00271_P01070,6.01835652542704
M00271_P01074,6.6038528227232245
M00271_P01082,5.962988032819672
M00272_P00423,6.509118153251509
M00272_P00424,5.890079572645311
M00272_P00425,0.0
M00272_P00426,5.827714766596724
M00272_P00431,0.0
M00272_P00436,6.281915841413724
M00272_P00440,5.899694214982485
M00272_P00574,0.0
M00272_P00579,6.295407424498021
M00272_P00582,0.0
M00272_P00584,6.3576071093183835
M00272_P00586,0.0
M00272_P00590,6.8146226549363815
M00273_P00136,7.12327849578814
M00273_P00141,0.0
M00273_P00148,5.852668813557788
M00273_P00156,0.0
M00273_P01070,6.014057636632707
M00273_P01074,6.380370647835457
M00273_P01082,0.0
M00274_P00529,6.030210362502069
M00274_P00535,0.0
M00274_P00536,0.0
M00274_P00542,6.232437877119563
M00274_P00543,6.451434770142948
M00274_P01070,5.844261996830524
M00274_P01074,6.153943902184262
M00274_P01082,5.857752101364949
M00275_P00055,0.0
M00275_P00057,5.879829090351989
M00275_P00059,6.213504927591415
M00275_P00064,0.0
M00275_P00066,7.142501869378678
M00275_P00071,6.252330365475586
M00275_P00077,0.0
M00275_P00888,0.0
M00275_P00889,5.842881865298585
M00275_P00893,5.862262972384602
M00275_P00894,6.117644292214753
M00275_P00895,0.0
M00275_P00901,7.0968687212964685
M00275_P00909,6.2849324312201045
M00276_P00391,0.0
M00276_P00399,6.612298385262055
M00276_P00410,6.79767567530951
M00276_P00416,6.375382347694746
M00276_P01070,0.0
M00276_P01074,0.0
M00276_P01082,6.063296667019878
M00277_P00136,7.0469987378692
M00277_P00141,6.8077936838677875
M00277_P00148,0.0
M00277_P00156,6.2264634200333235
M00277_P00368,5.838537514197125
M00277_P00372,6.791658449171889
M00277_P00378,0.0
M00277_P00382,0.0
M00277_P00383,0.0
M00278_P01041,6.033423043885805
M00278_P01042,0.0
M00278_P01048,6.183810267222275
M00278_P01049,7.015949557393206
M00278_P01051,0.0
M00278_P01055,6.048848119624738
M00278_P01063,0.0
M00278_P01064,6.0404498133218
M00278_P01201,5.88336959021871
M00278_P01209,5.887609499052136
M00278_P01210,5.900811015865722
M00278_P01211,0.0
M00278_P01214,5.8887955876346485
M00279_P00266,0.0
M00279_P00271,6.279210244204267
M00279_P00278,6.450535929257574
M00279_P00286,6.14602507987812
M00279_P01177,0.0
M00279_P01182,0.0
M00279_P01184,6.016577804437524
M00279_P01193,6.0279201148602795
M00279_P01196,6.377519437568502
M00280_P00055,0.0
M00280_P00057,5.854077116621215
M00280_P00059,6.2716197129143145
M00280_P00064,5.996964743298241
M00280_P00066,7.311877898016769
M00280_P00071,0.0
M00280_P00077,0.0
M00280_P00549,0.0
M00280_P00552,0.0
M00280_P00554,6.326654116535586
M00280_P00561,0.0
M00280_P00562,6.06110251737275
M00280_P00568,0.0
M00281_P00478,6.035575134338928
M00281_P00479,6.823875290640603
M00281_P00486,6.442279458031989
M00281_P00491,6.024579423842016
M00281_P00611,0.0
M00281_P00618,0.0
M00281_P00619,6.208059880658413
M00281_P00622,0.0
M00282_P00241,0.0
M00282_P00244,5.810799800095676
M00282_P00245,6.26243603387569
M00282_P00248,0.0
M00282_P00255,7.066032136994823
M00282_P00260,0.0
M00282_P00423,6.825692624466968
M00282_P00424,5.881823657959796
M00282_P00425,6.203578387738393
M00282_P00426,5.863196621385357
M00282_P00431,5.928383199075671
M00282_P00436,0.0
M00282_P00440,5.898412034019052
M00283_P00940,0.0
M00283_P00948,6.337045658649461
M00283_P00950,6.268081309961317
M00283_P00951,0.0
M00283_P00959,6.035858612963836
M00283_P00962,6.891177663246669
M00283_P01146,0.0
M00283_P01157,5.885241410759362
M00283_P01166,6.274649192007005
M00283_P01169,0.0
M00284_P00266,6.28306340878463
M00284_P00271,6.707934209954965
M00284_P00278,6.580756564420138
M00284_P00286,0.0
M00284_P00313,0.0
M00284_P00324,0.0
M00284_P00329,5.842991897940919
M00284_P00333,6.232725387483271
M00284_P00334,6.3715212650666935
M00285_P01020,6.703179698658357
M00285_P01034,0.0
M00285_P01037,6.044229474089791
M00285_P01038,6.04676147091654
M00285_P01146,0.0
M00285_P01157,5.872683755433155
M00285_P01166,6.760769571681993
M00285_P01169,5.885693415315777
M00286_P00241,5.874650128013391
M00286_P00244,5.8329079452462755
M00286_P00245,0.0
M00286_P00248,6.2482168928083945
M00286_P00255,0.0
M00286_P00260,7.00905081674309
M00286_P00965,0.0
M00286_P00966,5.854634084496276
M00286_P00975,6.772981356945206
M00286_P00978,0.0
M00286_P00980,6.2627803901486265
M00286_P00986,0.0
M00287_P00423,7.083942146632047
M00287_P00424,5.899408159710001
M00287_P00425,0.0
M00287_P00426,5.885188578799159
M00287_P00431,0.0
M00287_P00436,0.0
M00287_P00440,5.895963430003654
M00287_P01041,0.0
M00287_P01042,5.883610845515117
M00287_P01048,6.141574722169155
M00287_P01049,7.321156776474894
M00287_P01051,0.0
M00287_P01055,0.0
M00287_P01063,0.0
M00287_P01064,0.0
M00288_P00011,0.0
M00288_P00024,0.0
M00288_P01099,6.153610530670175
M00288_P01107,5.8409428726802215
M00288_P01108,6.626147290293984
M00288_P01109,6.247508109988678
M00288_P01114,0.0
M00288_P01118,6.335658046166467
M00289_P00888,0.0
M00289_P00889,5.880337997476871
M00289_P00893,5.89047307245
M00289_P00894,6.245409648660041
M00289_P00895,6.292325875703597
M00289_P00901,7.131736957739825
M00289_P00909,0.0
M00289_P01120,5.852671206984355
M00290_P00574,5.9828732079866835
M00290_P00579,0.0
M00290_P00582,0.0
M00290_P00584,6.354557707926788
M00290_P00586,6.020840947111445
M00290_P00590,6.76131464871263
M00290_P00732,5.817286725359644
M00290_P00738,5.897733197034369
M00290_P00742,6.257731686645222
M00290_P00744,5.815479061825588
M00290_P00747,0.0
M00290_P00753,5.889463234301495
M00291_P00705,5.856080488029113
M00291_P00707,0.0
M00291_P00716,6.366145672993916
M00291_P00718,6.775665847931923
M00291_P00724,5.895675443096371
M00291_P00728,0.0
M00291_P01041,0.0
M00291_P01042,5.879869013692967
M00291_P01048,5.9911539034118775
M00291_P01049,7.042919422481134
M00291_P01051,6.167211896678171
M00291_P01055,0.0
M00291_P01063,6.198990199020087
M00291_P01064,5.892365160359754
M00292_P00515,5.896877041213929
M00292_P00761,6.591600732394965
M00292_P00772,5.820127221075875
M00293_P00157,0.0
M00293_P00159,6.059548574407376
M00293_P00164,6.588210673626771
M00293_P00169,6.022152669578419
M00293_P00171,0.0
M00293_P00175,6.329216444895698
M00293_P00782,0.0
M00293_P00786,0.0
M00293_P00788,6.689973002088972
M00293_P00797,6.259517805170012
M00293_P00803,6.3149199549168
M00294_P00574,0.0
M00294_P00579,6.356216718309209
M00294_P00582,0.0
M00294_P00584,6.42152407720568
M00294_P00586,0.0
M00294_P00590,6.680173405486279
M00294_P00940,5.876478794573614
M00294_P00948,6.223624338204972
M00294_P00950,6.235696429846239
M00294_P00951,6.279063129436889
M00294_P00959,5.863399587822805
M00294_P00962,0.0
M00295_P00478,6.0470705089578995
M00295_P00479,6.7684975736191335
M00295_P00486,6.450711174960666
M00295_P00491,6.119384717222545
M00295_P01146,0.0
M00295_P01157,5.983272063679043
M00295_P01166,6.341588605537239
M00295_P01169,0.0
M00296_P00011,5.9002776571701885
M00296_P00024,0.0
M00296_P00443,6.23681667406575
M00296_P00448,5.818136096218064
M00296_P00452,5.875969261658018
M00296_P00462,6.143927549458636
M00296_P00463,6.251041678818495
M00296_P00465,6.25815613955981
M00296_P00468,0.0
M00297_P00807,0.0
M00297_P00812,7.008379752232752
M00297_P00819,0.0
M00297_P00826,6.368695253889207
M00297_P00827,6.808529386791669
M00297_P00991,0.0
M00297_P00993,5.961699761499897
M00297_P00997,5.834279547957333
M00297_P01000,6.196107387508709
M00297_P01010,6.554848424338924
M00298_P00574,0.0
M00298_P00579,6.178003314921232
M00298_P00582,0.0
M00298_P00584,6.209694707793228
M00298_P00586,5.881947320797726
M00298_P00590,0.0
M00298_P00991,0.0
M00298_P00993,0.0
M00298_P00997,6.00873433744953
M00298_P01000,0.0
M00298_P01010,6.448890409037005
M00299_P00423,6.597861449397271
M00299_P00424,5.885707773166965
M00299_P00425,0.0
M00299_P00426,0.0
M00299_P00431,5.831275581527214
M00299_P00436,6.2330147482014535
M00299_P00440,5.8921834935004265
M00299_P01020,6.594802751090217
M00299_P01034,0.0
M00299_P01037,0.0
M00299_P01038,5.895473197234729
M00300_P00157,0.0
M00300_P00159,5.885163683184597
M00300_P00164,0.0
M00300_P00169,5.884388364014843
M00300_P00171,0.0
M00300_P00175,6.213343573697132
M00300_P01041,6.0546293182516955
M00300_P01042,0.0
M00300_P01048,6.239142188541563
M00300_P01049,7.086537552689318
M00300_P01051,6.354808874985676
M00300_P01055,6.020853114049697
M00300_P01063,5.972425657953479
M00300_P01064,0.0
M00301_P00515,0.0
M00301_P00761,6.260585022450016
M00301_P00772,0.0
M00302_P00209,0.0
M00302_P00210,7.085813194000637
M00302_P00211,0.0
M00302_P00219,5.921155965733621
M00302_P00221,0.0
M00302_P00222,0.0
M00302_P00232,0.0
M00302_P00234,7.431284030056097
M00302_P01201,5.881821897029802
M00302_P01209,5.945460431227964
M00302_P01210,0.0
M00302_P01211,6.884196998002377
M00302_P01214,5.906531318973874
M00303_P00529,5.893735306752265
M00303_P00535,5.900470987021154
M00303_P00536,5.8842493896322585
M00303_P00542,5.85608794530978
M00303_P00543,6.308730776340179
M00303_P00705,6.041146285680598
M00303_P00707,6.476875225569338
M00303_P00716,0.0
M00303_P00718,0.0
M00303_P00724,6.0185699928465555
M00303_P00728,6.3800672736795745
M00304_P00209,5.881223669585472
M00304_P00210,0.0
M00304_P00211,0.0
M00304_P00219,0.0
M00304_P00221,5.9170853688538285
M00304_P00222,6.451098200464351
M00304_P00232,0.0
M00304_P00234,0.0
M00304_P00922,6.37472050498336
M00304_P00927,6.009262706886052
M00304_P00931,6.029579706806911
M00304_P00935,0.0
M00305_P00266,6.207558646150392
M00305_P00271,0.0
M00305_P00278,6.746815097650326
M00305_P00286,6.220723821828099
M00305_P00443,0.0
M00305_P00448,5.996673842365482
M00305_P00452,6.012447377190631
M00305_P00462,6.623583582050928
M00305_P00463,0.0
M00305_P00465,0.0
M00305_P00468,6.375017266501824
M00306_P00549,6.017390071975379
M00306_P00552,6.0214474338364905
M00306_P00554,6.494374662076995
M00306_P00561,7.311571185133113
M00306_P00562,6.03901236381382
M00306_P00568,0.0
M00306_P01223,0.0
M00306_P01234,0.0
M00306_P01236,5.876421306866677
M00306_P01241,0.0
M00306_P01242,5.906068172377822
M00307_P00108,0.0
M00307_P00110,0.0
M00307_P00114,6.713498972848623
M00307_P00124,0.0
M00307_P00129,0.0
M00307_P00266,0.0
M00307_P00271,0.0
M00307_P00278,6.779610559103464
M00307_P00286,0.0
M00308_P01120,0.0
M00308_P01223,0.0
M00308_P01234,6.470680187235291
M00308_P01236,0.0
M00308_P01241,6.345572210765268
M00308_P01242,5.873427954866112
M00309_P00611,6.016045978342692
M00309_P00618,0.0
M00309_P00619,6.366647959148049
M00309_P00622,6.039644140017949
M00309_P00922,0.0
M00309_P00927,5.87749528157266
M00309_P00931,5.867859964313058
M00309_P00935,0.0
M00310_P00011,5.832800752306065
M00310_P00024,5.8947359736331055
M00310_P00443,0.0
M00310_P00448,6.011710938783364
M00310_P00452,6.016046067605506
M00310_P00462,0.0
M00310_P00463,6.702746857594957
M00310_P00465,0.0
M00310_P00468,0.0
M00311_P00611,5.919124382964833
M00311_P00618,6.262313801808177
M00311_P00619,5.8831002238620655
M00311_P00622,6.2489111482520014
M00311_P00761,6.205550181875724
M00311_P00772,0.0
M00312_P00625,0.0
M00312_P00630,5.902847780364751
M00312_P00632,6.243293988661951
M00312_P00635,6.533248971323365
M00312_P00644,6.089648090114975
M00312_P00645,0.0
M00312_P00650,6.13772912237555
M00312_P00965,0.0
M00312_P00966,0.0
M00312_P00975,6.740849714526945
M00312_P00978,6.951703464817221
M00312_P00980,6.18986053797639
M00312_P00986,0.0
M00313_P00157,0.0
M00313_P00159,5.865079401086621
M00313_P00164,0.0
M00313_P00169,5.872854738331401
M00313_P00171,6.2907400649523515
M00313_P00175,6.25918270127694
M00313_P01146,0.0
M00313_P01157,0.0
M00313_P01166,6.449079756322142
M00313_P01169,0.0
M00314_P00032,0.0
M00314_P00044,0.0
M00314_P00045,5.8730544334844765
M00314_P00050,0.0
M00314_P00052,0.0
M00314_P01041,0.0
M00314_P01042,0.0
M00314_P01048,6.098811509639286
M00314_P01049,0.0
M00314_P01051,0.0
M00314_P01055,5.999631144337193
M00314_P01063,0.0
M00314_P01064,0.0
M00315_P00368,5.874170540694216
M00315_P00372,0.0
M00315_P00378,6.093526893223022
M00315_P00382,6.218563175022032
M00315_P00383,5.866640853050135
M00315_P01020,0.0
M00315_P01034,6.0463637548064435
M00315_P01037,0.0
M00315_P01038,0.0
M00316_P00761,0.0
M00316_P00772,6.058841215846411
M00316_P01041,0.0
M00316_P01042,5.844225116128408
M00316_P01048,0.0
M00316_P01049,0.0
M00316_P01051,6.214208545946541
M00316_P01055,5.890897999997934
M00316_P01063,5.841965548505572
M00316_P01064,6.2268005431306594
M00317_P00678,5.849545127788535
M00317_P00679,0.0
M00317_P00680,0.0
M00317_P00681,5.8524876745044745
M00317_P00683,6.2012646459366705
M00317_P00694,6.284552752185
M00317_P01070,0.0
M00317_P01074,6.37642433760439
M00317_P01082,0.0
M00318_P00055,5.828924190605711
M00318_P00057,0.0
M00318_P00059,0.0
M00318_P00064,0.0
M00318_P00066,0.0
M00318_P00071,6.275657546192259
M00318_P00077,6.359779921747033
M00318_P00079,6.927847977133662
M00318_P00082,6.197992916442574
M00318_P00087,5.8334708746602555
M00318_P00097,0.0
M00318_P00102,5.937863343579377
M00319_P00157,0.0
M00319_P00159,0.0
M00319_P00164,0.0
M00319_P00169,6.213059256203482
M00319_P00171,0.0
M00319_P00175,6.1996697091319755
M00319_P00185,6.016698038416146
M00319_P00193,0.0
M00319_P00197,0.0
M00319_P00199,6.01812469943856
M00319_P00200,6.031797324099265
M00320_P00625,0.0
M00320_P00630,6.236058804438194
M00320_P00632,6.401309323908286
M00320_P00635,6.376387754665894
M00320_P00644,6.6519602678740615
M00320_P00645,6.689413408504537
M00320_P00650,6.277174760491594
M00320_P00782,0.0
M00320_P00786,6.112278541548428
M00320_P00788,0.0
M00320_P00797,0.0
M00320_P00803,6.698018750717285
M00321_P00965,0.0
M00321_P00966,0.0
M00321_P00975,0.0
M00321_P00978,0.0
M00321_P00980,0.0
M00321_P00986,0.0
M00321_P01223,5.963089669743543
M00321_P01234,0.0
M00321_P01236,5.871370449920135
M00321_P01241,6.233226114990431
M00321_P01242,5.88155012750325
M00322_P00157,0.0
M00322_P00159,5.885967922366883
M00322_P00164,0.0
M00322_P00169,5.849916874741832
M00322_P00171,0.0
M00322_P00175,6.250258590345978
M00322_P01070,0.0
M00322_P01074,6.2305383372513585
M00322_P01082,5.885250132348875
M00323_P00055,0.0
M00323_P00057,0.0
M00323_P00059,0.0
M00323_P00064,6.000404592705296
M00323_P00066,7.2865651837266805
M00323_P00071,0.0
M00323_P00077,6.284932273085413
M00323_P00443,0.0
M00323_P00448,0.0
M00323_P00452,0.0
M00323_P00462,6.554703664468422
M00323_P00463,6.424047473551188
M00323_P00465,6.279970643505514
M00323_P00468,6.469532873269053
M00324_P00345,5.903177532441865
M00324_P00347,6.185766493224289
M00324_P00351,6.2483654288374995
M00324_P00353,5.789376098808146
M00324_P00359,6.2556652460200715
M00324_P00362,5.896145209064582
M00324_P00761,6.3436002985549065
M00324_P00772,6.016747625039216
M00325_P00157,6.046865858587076
M00325_P00159,0.0
M00325_P00164,6.351826843184823
M00325_P00169,6.014331653297903
M00325_P00171,0.0
M00325_P00175,6.2947211947633495
M00325_P00611,0.0
M00325_P00618,6.2196354586596545
M00325_P00619,0.0
M00325_P00622,6.111699320175269
M00326_P00888,0.0
M00326_P00889,6.102417663800811
M00326_P00893,6.0269892911440754
M00326_P00894,0.0
M00326_P00895,0.0
M00326_P00901,7.086643356840824
M00326_P00909,6.589299717792935
M00326_P01099,6.265102303461458
M00326_P01107,5.877908609932655
M00326_P01108,6.772934185998955
M00326_P01109,6.262698350336239
M00326_P01114,6.75765516587438
M00326_P01118,0.0
M00327_P00443,0.0
M00327_P00448,5.864112890417325
M00327_P00452,5.826436923630997
M00327_P00462,6.328105500805495
M00327_P00463,0.0
M00327_P00465,6.2490064585025165
M00327_P00468,6.0880544730590715
M00327_P00655,0.0
M00327_P00662,0.0
M00327_P00666,0.0
M00327_P00668,6.021793522712032
M00327_P00669,6.107412065720231
M00327_P00673,6.73904501140114
M00327_P00674,6.063373713359402
M00328_P00136,6.899887912100687
M00328_P00141,0.0
M00328_P00148,5.873690374611161
M00328_P00156,6.2721872364987314
M00328_P00761,6.401076517948143
M00328_P00772,6.028653987145927
M00329_P01041,0.0
M00329_P01042,0.0
M00329_P01048,6.140901630222669
M00329_P01049,7.049454661200992
M00329_P01051,6.21568444629596
M00329_P01055,6.022786775750505
M00329_P01063,6.173507781680309
M00329_P01064,6.044491150899371
M00329_P01070,5.818806120849704
M00329_P01074,6.222056240636989
M00329_P01082,5.8499746749343124
M00330_P00079,0.0
M00330_P00082,6.202143189723326
M00330_P00087,5.858694174366656
M00330_P00097,0.0
M00330_P00102,0.0
M00330_P00574,5.879861315592641
M00330_P00579,0.0
M00330_P00582,6.201499939255179
M00330_P00584,6.066242127911383
M00330_P00586,5.901715506604766
M00330_P00590,0.0
M00331_P00345,5.8992176555152716
M00331_P00347,6.1851121598280345
M00331_P00351,6.242473259619541
M00331_P00353,5.871644239716158
M00331_P00359,6.252755942369903
M00331_P00362,0.0
M00331_P00940,6.021735456714825
M00331_P00948,0.0
M00331_P00950,0.0
M00331_P00951,0.0
M00331_P00959,0.0
M00331_P00962,6.816112551710525
M00332_P00345,6.050074085531902
M00332_P00347,0.0
M00332_P00351,6.402408608195326
M00332_P00353,0.0
M00332_P00359,6.391597472884727
M00332_P00362,6.329596502632369
M00332_P00965,6.7135385413988615
M00332_P00966,0.0
M00332_P00975,0.0
M00332_P00978,0.0
M00332_P00980,0.0
M00332_P00986,0.0
M00333_P00241,0.0
M00333_P00244,5.8592045355868265
M00333_P00245,6.317152684145955
M00333_P00248,0.0
M00333_P00255,0.0
M00333_P00260,7.1871832099259
M00333_P01020,6.804887297850323
M00333_P01034,6.136571027411248
M00333_P01037,6.040371615996488
M00333_P01038,0.0
M00334_P00209,5.8480452776243705
M00334_P00210,0.0
M00334_P00211,0.0
M00334_P00219,5.889552558096593
M00334_P00221,6.259866689660198
M00334_P00222,6.288635037108224
M00334_P00232,5.814474028374186
M00334_P00234,7.346108476379181
M00334_P00241,6.132267431639384
M00334_P00244,0.0
M00334_P00245,6.35943441954075
M00334_P00248,6.35361239038226
M00334_P00255,7.150761143096088
M00334_P00260,0.0
M00335_P00185,0.0
M00335_P00193,6.312455276906689
M00335_P00197,6.016189830359436
M00335_P00199,0.0
M00335_P00200,6.015898632053966
M00335_P00287,0.0
M00335_P00290,0.0
M00335_P00291,5.900931833974142
M00335_P00295,6.985123650136222
M00335_P00297,0.0
M00335_P00298,0.0
M00335_P00299,5.87735163886843
M00335_P00304,5.871077037306365
M00335_P00307,0.0
M00335_P00309,0.0
M00335_P00310,6.2429804765900085
M00336_P00011,6.024806701228484
M00336_P00024,0.0
M00336_P00209,5.876725603085699
M00336_P00210,0.0
M00336_P00211,0.0
M00336_P00219,0.0
M00336_P00221,0.0
M00336_P00222,6.276797515187011
M00336_P00232,0.0
M00336_P00234,7.424134344315496
M00337_P00529,5.8549866331973055
M00337_P00535,0.0
M00337_P00536,0.0
M00337_P00542,0.0
M00337_P00543,6.111291576916844
M00337_P00965,6.474362783299176
M00337_P00966,0.0
M00337_P00975,0.0
M00337_P00978,0.0
M00337_P00980,6.341253226900947
M00337_P00986,7.009522462396074
M00338_P00079,0.0
M00338_P00082,5.988058932144559
M00338_P00087,5.820945612251632
M00338_P00097,6.262196112990753
M00338_P00102,6.022887746175676
M00338_P00423,0.0
M00338_P00424,0.0
M00338_P00425,6.363889786139071
M00338_P00426,6.018488265333227
M00338_P00431,0.0
M00338_P00436,6.4481020631147485
M00338_P00440,6.011260740713262
M00339_P00185,0.0
M00339_P00193,6.218016770473493
M00339_P00197,5.832683178454987
M00339_P00199,5.997668135224002
M00339_P00200,5.887057045771618
M00339_P00863,6.038151271742501
M00339_P00880,0.0
M00339_P00882,0.0
M00340_P00732,5.856441757983455
M00340_P00738,5.824238563913981
M00340_P00742,6.349597691459642
M00340_P00744,5.887961633877682
M00340_P00747,0.0
M00340_P00753,0.0
M00340_P00782,6.202170748513771
M00340_P00786,5.879614437261731
M00340_P00788,0.0
M00340_P00797,5.989685765367275
M00340_P00803,0.0
M00341_P00835,0.0
M00341_P00840,0.0
M00341_P00844,6.017465579033217
M00341_P00847,6.37671345445288
M00341_P00848,0.0
M00341_P00856,6.910914258634359
M00341_P00991,0.0
M00341_P00993,5.89904249594301
M00341_P00997,0.0
M00341_P01000,0.0
M00341_P01010,6.2191805547130095
M00342_P00368,6.020223134364693
M00342_P00372,6.473367044555322
M00342_P00378,6.218972916453356
M00342_P00382,0.0
M00342_P00383,6.018344173040279
M00342_P00835,0.0
M00342_P00840,5.859977282750232
M00342_P00844,5.846179890498364
M00342_P00847,5.854969063596218
M00342_P00848,0.0
M00342_P00856,0.0
M00343_P01099,6.400775050142104
M00343_P01107,6.0090845455411195
M00343_P01108,0.0
M00343_P01109,6.3769712507434395
M00343_P01114,6.318386900641058
M00343_P01118,0.0
M00343_P01201,0.0
M00343_P01209,0.0
M00343_P01210,5.854975934437728
M00343_P01211,6.682016963726544
M00343_P01214,6.210514438204719
M00344_P00761,0.0
M00344_P00772,5.882927865379652
M00344_P01099,6.411824693533689
M00344_P01107,0.0
M00344_P01108,6.900327243945947
M00344_P01109,6.346548492149188
M00344_P01114,0.0
M00344_P01118,6.56013216848227
M00345_P00655,0.0
M00345_P00662,0.0
M00345_P00666,6.477103347906413
M00345_P00668,0.0
M00345_P00669,0.0
M00345_P00673,6.350392859811742
M00345_P00674,6.4652614357164255
M00345_P00782,6.2541929663389055
M00345_P00786,0.0
M00345_P00788,0.0
M00345_P00797,0.0
M00345_P00803,6.311990874859274
M00346_P00807,0.0
M00346_P00812,7.155582083183509
M00346_P00819,5.910646102034809
M00346_P00826,6.275908133117879
M00346_P00827,6.722058617302725
M00346_P01201,6.225571540096422
M00346_P01209,6.046487241265019
M00346_P01210,6.0151820343533045
M00346_P01211,6.702168009562738
M00346_P01214,0.0
M00347_P00136,7.063456839535804
M00347_P00141,0.0
M00347_P00148,0.0
M00347_P00156,6.388984777794542
M00347_P00549,6.013296480271893
M00347_P00552,6.02204951413315
M00347_P00554,6.256540656570767
M00347_P00561,7.129046201574614
M00347_P00562,6.041365242603118
M00347_P00568,6.2079158813896065
M00348_P00108,0.0
M00348_P00110,0.0
M00348_P00114,0.0
M00348_P00124,6.42306063089688
M00348_P00129,5.934343644495349
M00348_P00241,5.871124141384061
M00348_P00244,5.878936755620706
M00348_P00245,6.282937782923085
M00348_P00248,6.217928116482594
M00348_P00255,7.135774285419625
M00348_P00260,0.0
M00349_P00625,0.0
M00349_P00630,5.896231096822413
M00349_P00632,0.0
M00349_P00635,6.207386827410002
M00349_P00644,6.243825098770443
M00349_P00645,6.986614347059271
M00349_P00650,0.0
M00349_P01020,0.0
M00349_P01034,0.0
M00349_P01037,5.891364278760539
M00349_P01038,0.0
M00350_P00761,0.0
M00350_P00772,5.895463089742342
M00350_P00863,6.030270416609008
M00350_P00880,6.742834877961814
M00350_P00882,0.0
M00351_P00157,0.0
M00351_P00159,6.026371028121154
M00351_P00164,0.0
M00351_P00169,0.0
M00351_P00171,0.0
M00351_P00175,6.337946084772629
M00351_P01177,0.0
M00351_P01182,0.0
M00351_P01184,0.0
M00351_P01193,5.89607931945661
M00351_P01196,6.688574369504194
M00352_P00705,5.854699834650089
M00352_P00707,0.0
M00352_P00716,6.170939387944856
M00352_P00718,0.0
M00352_P00724,6.184980447193677
M00352_P00728,6.802122362277901
M00352_P00761,6.226650502803389
M00352_P00772,5.825423782958033
M00353_P00549,0.0
M00353_P00552,5.857417630876636
M00353_P00554,0.0
M00353_P00561,0.0
M00353_P00562,5.886330979424013
M00353_P00568,5.83416145334276
M00353_P00782,6.227787157753379
M00353_P00786,5.892179413788017
M00353_P00788,7.020686268154012
M00353_P00797,6.262337380316702
M00353_P00803,0.0
M00354_P00157,0.0
M00354_P00159,0.0
M00354_P00164,6.58931257933965
M00354_P00169,0.0
M00354_P00171,6.324039407570391
M00354_P00175,6.401943015519545
M00354_P01201,0.0
M00354_P01209,5.889922904579694
M00354_P01210,0.0
M00354_P01211,6.724488831428549
M00354_P01214,0.0
M00355_P00529,5.843337026239035
M00355_P00535,5.882935626719736
M00355_P00536,5.953635408489121
M00355_P00542,0.0
M00355_P00543,6.296170136293374
M00355_P01120,5.8358395004417964
M00356_P00241,0.0
M00356_P00244,0.0
M00356_P00245,6.380302793156429
M00356_P00248,0.0
M00356_P00255,7.079577303734109
M00356_P00260,0.0
M00356_P01146,6.965282247492428
M00356_P01157,5.8795409127162825
M00356_P01166,6.340895207910633
M00356_P01169,6.217860259412405
M00357_P00136,0.0
M00357_P00141,7.075001609766454
M00357_P00148,5.867583109600794
M00357_P00156,6.223314431293667
M00357_P00157,0.0
M00357_P00159,6.0305817740174925
M00357_P00164,6.346834158492114
M00357_P00169,6.329189025356337
M00357_P00171,6.373603551060229
M00357_P00175,0.0
M00358_P00157,0.0
M00358_P00159,0.0
M00358_P00164,6.381863304314601
M00358_P00169,6.019921539637292
M00358_P00171,0.0
M00358_P00175,0.0
M00358_P00625,6.186780088848125
M00358_P00630,5.86502354824819
M00358_P00632,0.0
M00358_P00635,6.190601440402596
M00358_P00644,0.0
M00358_P00645,6.748632095341813
M00358_P00650,0.0
M00359_P00922,0.0
M00359_P00927,5.999698591082113
M00359_P00931,6.013145984287386
M00359_P00935,6.352129897713419
M00359_P00965,0.0
M00359_P00966,0.0
M00359_P00975,6.74414782718251
M00359_P00978,0.0
M00359_P00980,6.346298330329176
M00359_P00986,6.474922288227484
M00360_P00185,0.0
M00360_P00193,0.0
M00360_P00197,0.0
M00360_P00199,0.0
M00360_P00200,5.83523275400752
M00360_P01099,6.246721831731548
M00360_P01107,5.841619440685
M00360_P01108,6.69540031815486
M00360_P01109,6.207240941673506
M00360_P01114,0.0
M00360_P01118,0.0
M00361_P00705,0.0
M00361_P00707,6.352055724020585
M00361_P00716,6.2244198379433335
M00361_P00718,0.0
M00361_P00724,5.976389942500496
M00361_P00728,6.210428984264412
M00361_P01099,6.40928041705668
M00361_P01107,6.018860596898262
M00361_P01108,7.072496179853004
M00361_P01109,6.510823949184433
M00361_P01114,6.7394473806942905
M00361_P01118,6.402538958193527
M00362_P00478,0.0
M00362_P00479,0.0
M00362_P00486,0.0
M00362_P00491,6.451463841436639
M00362_P01020,6.792925263137378
M00362_P01034,0.0
M00362_P01037,5.815820883475227
M00362_P01038,0.0
M00363_P00157,0.0
M00363_P00159,0.0
M00363_P00164,6.3569166538277395
M00363_P00169,0.0
M00363_P00171,6.370933049754716
M00363_P00175,6.367679224536444
M00363_P00965,0.0
M00363_P00966,5.886679324624712
M00363_P00975,7.2765083846902625
M00363_P00978,0.0
M00363_P00980,6.275982264814163
M00363_P00986,0.0
M00364_P00241,5.887488582914654
M00364_P00244,5.8312792859750315
M00364_P00245,6.20435289637038
M00364_P00248,6.278569293342418
M00364_P00255,0.0
M00364_P00260,6.747324508249594
M00364_P01120,0.0
M00365_P00157,0.0
M00365_P00159,5.858333826498279
M00365_P00164,6.078566263946142
M00365_P00169,5.8820416203930925
M00365_P00171,0.0
M00365_P00175,6.240500074503248
M00365_P00611,0.0
M00365_P00618,6.261038339112356
M00365_P00619,5.895525488629875
M00365_P00622,0.0
M00366_P00185,5.841507770005442
M00366_P00193,6.233059393178917
M00366_P00197,0.0
M00366_P00199,5.8279749775874645
M00366_P00200,0.0
M00366_P00478,0.0
M00366_P00479,0.0
M00366_P00486,6.37514187145583
M00366_P00491,0.0
M00367_P00705,6.052059158812269
M00367_P00707,0.0
M00367_P00716,0.0
M00367_P00718,6.716759315545026
M00367_P00724,6.0473238060370065
M00367_P00728,0.0
M00367_P00940,6.421224981525229
M00367_P00948,0.0
M00367_P00950,6.129265660810685
M00367_P00951,6.230865630909956
M00367_P00959,5.866712095990334
M00367_P00962,7.0240018504479735
M00368_P00991,7.056242805369959
M00368_P00993,6.0091298626838965
M00368_P00997,0.0
M00368_P01000,0.0
M00368_P01010,6.37649702275825
M00368_P01120,0.0
M00369_P00032,6.736705345968898
M00369_P00044,6.752309247363459
M00369_P00045,0.0
M00369_P00050,6.017735077089587
M00369_P00052,6.942212558224206
M00369_P00313,0.0
M00369_P00324,6.413020965720835
M00369_P00329,0.0
M00369_P00333,6.083057682170419
M00369_P00334,6.5720549065198846
M00370_P00549,0.0
M00370_P00552,5.873172779286023
M00370_P00554,6.208616695634444
M00370_P00561,6.7925607870232465
M00370_P00562,0.0
M00370_P00568,0.0
M00370_P00611,5.858430074177908
M00370_P00618,0.0
M00370_P00619,5.816291759058117
M00370_P00622,0.0
M00371_P00241,6.00913035067544
M00371_P00244,6.01637129225145
M00371_P00245,0.0
M00371_P00248,6.6657369254441985
M00371_P00255,0.0
M00371_P00260,7.098596776426548
M00371_P00965,0.0
M00371_P00966,0.0
M00371_P00975,6.735797917614868
M00371_P00978,6.836435667229746
M00371_P00980,6.436463709240278
M00371_P00986,6.899388042208846
M00372_P00108,6.066615755371748
M00372_P00110,5.989798150436387
M00372_P00114,6.941727905432564
M00372_P00124,0.0
M00372_P00129,6.049536358732492
M00372_P00266,6.294606461966657
M00372_P00271,0.0
M00372_P00278,6.684937814905743
M00372_P00286,6.362904837638298
M00373_P00136,7.000762072189392
M00373_P00141,0.0
M00373_P00148,0.0
M00373_P00156,6.215940416248714
M00373_P00888,6.0047770099824165
M00373_P00889,6.02350442114222
M00373_P00893,0.0
M00373_P00894,6.385333259301461
M00373_P00895,6.348592575931318
M00373_P00901,0.0
M00373_P00909,6.444529944665895
M00374_P00678,0.0
M00374_P00679,6.86492727533818
M00374_P00680,0.0
M00374_P00681,0.0
M00374_P00683,6.344013386877013
M00374_P00694,0.0
M00374_P00782,6.258937193442363
M00374_P00786,6.092197440023941
M00374_P00788,0.0
M00374_P00797,6.235548218354219
M00374_P00803,6.66924562257445
M00375_P00515,5.861090853485926
M00375_P00611,0.0
M00375_P00618,6.372119274735947
M00375_P00619,6.026230901865595
M00375_P00622,6.626570893586196
M00376_P00940,6.271792363766167
M00376_P00948,6.228887012223664
M00376_P00950,6.115686955342011
M00376_P00951,6.360409272519311
M00376_P00959,6.202825700588246
M00376_P00962,6.982435659687123
M00376_P01020,0.0
M00376_P01034,5.8740581176887625
M00376_P01037,5.844348318971339
M00376_P01038,5.906034567386841
M00377_P00241,5.866724030899832
M00377_P00244,5.880770319607656
M00377_P00245,0.0
M00377_P00248,0.0
M00377_P00255,0.0
M00377_P00260,7.167230582976373
M00377_P00287,0.0
M00377_P00290,0.0
M00377_P00291,5.8322383808643075
M00377_P00295,0.0
M00377_P00297,5.880589130181047
M00377_P00298,5.880397788767404
M00377_P00299,5.887727598061482
M00377_P00304,5.8531990336114985
M00377_P00307,0.0
M00377_P00309,0.0
M00377_P00310,0.0
M00378_P00136,6.910621039279193
M00378_P00141,0.0
M00378_P00148,0.0
M00378_P00156,0.0
M00378_P01120,0.0
M00379_P00705,0.0
M00379_P00707,6.591205553346942
M00379_P00716,0.0
M00379_P00718,7.050779031741509
M00379_P00724,6.256362909357732
M00379_P00728,0.0
M00379_P01099,6.436903383619503
M00379_P01107,6.042835645679421
M00379_P01108,6.767725810871085
M00379_P01109,0.0
M00379_P01114,6.796701230420897
M00379_P01118,6.873427594943751
M00380_P00443,6.25768981666872
M00380_P00448,5.865451774248362
M00380_P00452,5.843628695437258
M00380_P00462,0.0
M00380_P00463,6.285242865006971
M00380_P00465,6.2594047792972916
M00380_P00468,0.0
M00380_P00678,0.0
M00380_P00679,6.8209790243747985
M00380_P00680,5.950851450219769
M00380_P00681,0.0
M00380_P00683,0.0
M00380_P00694,0.0
M00381_P00574,6.037074320621304
M00381_P00579,6.350314795989691
M00381_P00582,6.347282586856326
M00381_P00584,0.0
M00381_P00586,0.0
M00381_P00590,6.996888905730333
M00381_P00732,5.802775524691867
M00381_P00738,0.0
M00381_P00742,0.0
M00381_P00744,0.0
M00381_P00747,6.750869048469276
M00381_P00753,5.91460839655718
M00382_P01120,0.0
M00382_P01146,0.0
M00382_P01157,5.844023916702468
M00382_P01166,0.0
M00382_P01169,5.872937052311654
M00383_P00863,0.0
M00383_P00880,6.266130572904286
M00383_P00882,6.778953931511586
M00383_P01120,0.0
M00384_P00368,5.834713025605657
M00384_P00372,0.0
M00384_P00378,6.08786973849114
M00384_P00382,0.0
M00384_P00383,5.877369147128333
M00384_P00678,0.0
M00384_P00679,7.005685762801997
M00384_P00680,6.146945980709953
M00384_P00681,6.0174714793104025
M00384_P00683,6.327297367465751
M00384_P00694,6.388394271857164
M00385_P00011,5.828279282679196
M00385_P00024,0.0
M00385_P00368,6.0130627808292
M00385_P00372,6.549610411304725
M00385_P00378,0.0
M00385_P00382,6.1238766528644035
M00385_P00383,0.0
M00386_P00209,0.0
M00386_P00210,6.933368556115024
M00386_P00211,0.0
M00386_P00219,6.042487653006409
M00386_P00221,6.3958896069852695
M00386_P00222,6.514237784108079
M00386_P00232,6.061385688926436
M00386_P00234,6.965358360753962
M00386_P00443,0.0
M00386_P00448,5.837967848626118
M00386_P00452,5.837431092853684
M00386_P00462,6.289576781476704
M00386_P00463,6.2833557865687695
M00386_P00465,0.0
M00386_P00468,0.0
M00387_P00011,0.0
M00387_P00024,6.030204231345881
M00387_P00185,5.8345091833018285
M00387_P00193,6.210609338836348
M00387_P00197,0.0
M00387_P00199,0.0
M00387_P00200,5.882759647194243
M00388_P00209,0.0
M00388_P00210,6.8579671195675225
M00388_P00211,0.0
M00388_P00219,0.0
M00388_P00221,6.454472737538537
M00388_P00222,0.0
M00388_P00232,0.0
M00388_P00234,0.0
M00388_P00287,0.0
M00388_P00290,5.886611210543094
M00388_P00291,0.0
M00388_P00295,7.040533018767323
M00388_P00297,5.89208299739157
M00388_P00298,0.0
M00388_P00299,6.199888209582789
M00388_P00304,5.826793205241784
M00388_P00307,6.21962676337422
M00388_P00309,0.0
M00388_P00310,0.0
M00389_P00835,0.0
M00389_P00840,0.0
M00389_P00844,0.0
M00389_P00847,5.8483685827685
M00389_P00848,5.8001566348828
M00389_P00856,6.249396573383026
M00389_P00940,0.0
M00389_P00948,6.358721958586807
M00389_P00950,6.222686716981744
M00389_P00951,0.0
M00389_P00959,0.0
M00389_P00962,0.0
M00390_P00108,0.0
M00390_P00110,6.018742248415109
M00390_P00114,6.905093949440036
M00390_P00124,6.2815876689944306
M00390_P00129,0.0
M00390_P00678,0.0
M00390_P00679,0.0
M00390_P00680,6.237815216163138
M00390_P00681,6.231302556895289
M00390_P00683,0.0
M00390_P00694,6.395091467055348
M00391_P00032,6.582183707765742
M00391_P00044,6.61017555983011
M00391_P00045,0.0
M00391_P00050,5.897191882725322
M00391_P00052,6.264832431887811
M00391_P00705,6.04421505068029
M00391_P00707,0.0
M00391_P00716,0.0
M00391_P00718,0.0
M00391_P00724,0.0
M00391_P00728,6.389409321791734
M00392_P00529,6.034435121122605
M00392_P00535,0.0
M00392_P00536,5.93306815346924
M00392_P00542,6.0103019060091505
M00392_P00543,6.304434923320168
M00392_P00965,0.0
M00392_P00966,5.874153910004635
M00392_P00975,6.954421026568469
M00392_P00978,6.710541594270541
M00392_P00980,0.0
M00392_P00986,6.718730961326815
M00393_P01041,6.032099959493407
M00393_P01042,0.0
M00393_P01048,0.0
M00393_P01049,7.116584013038793
M00393_P01051,6.379296165600193
M00393_P01055,6.116419113591685
M00393_P01063,6.013002200788277
M00393_P01064,6.069236537218953
M00393_P01177,0.0
M00393_P01182,5.8663490992257366
M00393_P01184,5.881945712421871
M00393_P01193,0.0
M00393_P01196,6.719601136536893
M00394_P00185,0.0
M00394_P00193,6.282986986922116
M00394_P00197,5.805310071453343
M00394_P00199,0.0
M00394_P00200,5.907004442177676
M00394_P00678,0.0
M00394_P00679,0.0
M00394_P00680,6.090554349488591
M00394_P00681,0.0
M00394_P00683,0.0
M00394_P00694,0.0
M00395_P00266,6.299703741201394
M00395_P00271,6.2874362886386885
M00395_P00278,0.0
M00395_P00286,0.0
M00395_P01041,0.0
M00395_P01042,0.0
M00395_P01048,6.16060211873742
M00395_P01049,0.0
M00395_P01051,6.2686852131809925
M00395_P01055,6.351884779733034
M00395_P01063,6.0122713121180755
M00395_P01064,0.0
M00396_P00136,7.072960457891441
M00396_P00141,6.904633850880964
M00396_P00148,6.023582484712846
M00396_P00156,6.302229299650753
M00396_P00732,5.879549734496653
M00396_P00738,5.81711118256478
M00396_P00742,6.2197838458762895
M00396_P00744,5.875219308607471
M00396_P00747,6.82055390854262
M00396_P00753,5.90340513095413
M00397_P00705,0.0
M00397_P00707,6.286575457849259
M00397_P00716,0.0
M00397_P00718,6.981074780292497
M00397_P00724,0.0
M00397_P00728,6.572524194612063
M00397_P00991,6.804389264157043
M00397_P00993,6.02441011736285
M00397_P00997,6.013535673796494
M00397_P01000,6.3399046493359545
M00397_P01010,6.664343637048651
M00398_P00515,6.135841148259583
M00398_P00655,6.070050253352423
M00398_P00662,5.885387457729271
M00398_P00666,0.0
M00398_P00668,0.0
M00398_P00669,6.164300970565916
M00398_P00673,6.187594746291407
M00398_P00674,0.0
M00399_P00368,6.013347808428509
M00399_P00372,6.6031100424455955
M00399_P00378,0.0
M00399_P00382,6.018993232753362
M00399_P00383,6.346718643550413
M00399_P00574,5.886689035959129
M00399_P00579,0.0
M00399_P00582,0.0
M00399_P00584,0.0
M00399_P00586,5.908194392089723
M00399_P00590,6.629419034437582
M00400_P00108,6.027891056888047
M00400_P00110,6.019296910589556
M00400_P00114,7.124402632355369
M00400_P00124,6.244610319274861
M00400_P00129,0.0
M00400_P00863,5.860523793529373
M00400_P00880,6.23479088990582
M00400_P00882,0.0
M00401_P00835,0.0
M00401_P00840,6.028976041079892
M00401_P00844,6.103921246066218
M00401_P00847,0.0
M00401_P00848,6.0416307052248905
M00401_P00856,0.0
M00401_P00863,5.886024441299562
M00401_P00880,6.242210979378655
M00401_P00882,6.90499790788144
M00402_P00574,0.0
M00402_P00579,6.33364175898635
M00402_P00582,0.0
M00402_P00584,0.0
M00402_P00586,6.0123693611767655
M00402_P00590,0.0
M00402_P01223,5.85754200622568
M00402_P01234,6.861032981677385
M00402_P01236,0.0
M00402_P01241,6.2482531973427315
M00402_P01242,5.847946886071438
M00403_P00157,0.0
M00403_P00159,0.0
M00403_P00164,0.0
M00403_P00169,5.852654962586737
M00403_P00171,6.181914209781137
M00403_P00175,6.173468547827468
M00403_P00391,0.0
M00403_P00399,6.362304341802746
M00403_P00410,6.405603640447542
M00403_P00416,0.0
M00404_P00287,5.871017895249578
M00404_P00290,5.875200959667743
M00404_P00291,5.87355282026259
M00404_P00295,7.013685416991396
M00404_P00297,5.8556307995023
M00404_P00298,0.0
M00404_P00299,0.0
M00404_P00304,0.0
M00404_P00307,6.679938847273494
M00404_P00309,6.180870289015846
M00404_P00310,6.254583931913511
M00404_P00313,0.0
M00404_P00324,0.0
M00404_P00329,0.0
M00404_P00333,6.358389212926064
M00404_P00334,6.676871779945754
M00405_P00108,6.032301302505812
M00405_P00110,5.875252677622448
M00405_P00114,0.0
M00405_P00124,0.0
M00405_P00129,5.903513586292913
M00405_P01070,0.0
M00405_P01074,6.580961577519465
M00405_P01082,6.00312596478028
M00406_P00761,6.259990671124719
M00406_P00772,5.883116234816038
M00406_P00965,0.0
M00406_P00966,5.877247620460077
M00406_P00975,0.0
M00406_P00978,6.818083470297491
M00406_P00980,6.324787461974698
M00406_P00986,0.0
M00407_P00940,5.9137841314963975
M00407_P00948,6.252135090961019
M00407_P00950,0.0
M00407_P00951,0.0
M00407_P00959,5.813114556434798
M00407_P00962,7.013633707755006
M00407_P01120,6.000100361189075
M00408_P00529,0.0
M00408_P00535,5.844317619054818
M00408_P00536,5.836509082907298
M00408_P00542,5.8962532292392185
M00408_P00543,6.239176488457644
M00408_P01041,0.0
M00408_P01042,0.0
M00408_P01048,0.0
M00408_P01049,0.0
M00408_P01051,0.0
M00408_P01055,0.0
M00408_P01063,6.0188730659223255
M00408_P01064,6.073633560773186
M00409_P00108,0.0
M00409_P00110,5.872847925279692
M00409_P00114,6.976331933590035
M00409_P00124,6.203722536308641
M00409_P00129,5.8622756293597265
M00409_P00807,6.323555320264452
M00409_P00812,0.0
M00409_P00819,6.015533599859561
M00409_P00826,0.0
M00409_P00827,6.629368057135359
M00410_P00443,6.338078043322685
M00410_P00448,6.011366786060305
M00410_P00452,6.020501538705633
M00410_P00462,0.0
M00410_P00463,0.0
M00410_P00465,6.238528854081978
M00410_P00468,6.385452656804493
M00410_P00991,0.0
M00410_P00993,5.84439387467312
M00410_P00997,5.979877433606955
M00410_P01000,6.195574083378095
M00410_P01010,0.0
M00411_P00108,5.8842173033949186
M00411_P00110,5.861057791298232
M00411_P00114,6.922281210247029
M00411_P00124,0.0
M00411_P00129,6.174942147977315
M00411_P00835,0.0
M00411_P00840,5.872194724451316
M00411_P00844,5.8512350087557445
M00411_P00847,5.8521817619769045
M00411_P00848,5.813735380759582
M00411_P00856,0.0
M00412_P00055,0.0
M00412_P00057,5.878699204647874
M00412_P00059,6.280885867793314
M00412_P00064,0.0
M00412_P00066,7.020115937292002
M00412_P00071,0.0
M00412_P00077,6.253297468092707
M00412_P00732,6.066506360382753
M00412_P00738,6.033645877745304
M00412_P00742,6.35279746094999
M00412_P00744,0.0
M00412_P00747,7.064880102389857
M00412_P00753,0.0
M00413_P00108,5.8410201948851626
M00413_P00110,5.886753356461457
M00413_P00114,0.0
M00413_P00124,0.0
M00413_P00129,5.864456900756749
M00413_P00478,5.891733527297994
M00413_P00479,6.722661553183204
M00413_P00486,0.0
M00413_P00491,0.0
M00414_P00991,0.0
M00414_P00993,0.0
M00414_P00997,5.814987855233047
M00414_P01000,6.301401398498779
M00414_P01010,6.691743667803104
M00414_P01020,6.454228849776594
M00414_P01034,0.0
M00414_P01037,5.876367811001878
M00414_P01038,5.868330708100879
M00415_P00761,6.23273746856117
M00415_P00772,6.058253996094901
M00415_P00991,0.0
M00415_P00993,5.8540538928156245
M00415_P00997,5.847795171907785
M00415_P01000,0.0
M00415_P01010,0.0
M00416_P00732,5.991013505081653
M00416_P00738,6.039374852035052
M00416_P00742,0.0
M00416_P00744,0.0
M00416_P00747,7.208158540887657
M00416_P00753,0.0
M00416_P00965,0.0
M00416_P00966,5.849659436387696
M00416_P00975,7.255854887808556
M00416_P00978,6.71851685529977
M00416_P00980,0.0
M00416_P00986,0.0
M00417_P00529,6.056069094007057
M00417_P00535,6.038109528120035
M00417_P00536,0.0
M00417_P00542,6.0291989665341905
M00417_P00543,6.2636103147975
M00417_P01020,7.164629497207853
M00417_P01034,5.8595301636182295
M00417_P01037,0.0
M00417_P01038,0.0
M00418_P00079,0.0
M00418_P00082,0.0
M00418_P00087,0.0
M00418_P00097,6.341301197947685
M00418_P00102,0.0
M00418_P00761,0.0
M00418_P00772,6.030794481996472
M00419_P00136,7.079882210948377
M00419_P00141,0.0
M00419_P00148,5.871958439973611
M00419_P00156,6.216248702092239
M00419_P01177,0.0
M00419_P01182,5.872303468699076
M00419_P01184,0.0
M00419_P01193,6.212082034715704
M00419_P01196,6.281180443247414
M00420_P00055,0.0
M00420_P00057,6.023624644515886
M00420_P00059,6.320277234641459
M00420_P00064,6.017632465360418
M00420_P00066,7.121112499372598
M00420_P00071,6.375803113425752
M00420_P00077,6.463736943519528
M00420_P00423,6.796129579231514
M00420_P00424,0.0
M00420_P00425,6.163319246240508
M00420_P00426,5.8520204741195725
M00420_P00431,0.0
M00420_P00436,6.245821897253803
M00420_P00440,5.873598056161889
M00421_P00732,5.822590919071389
M00421_P00738,5.874259355703382
M00421_P00742,0.0
M00421_P00744,0.0
M00421_P00747,6.836315494307025
M00421_P00753,0.0
M00421_P00888,0.0
M00421_P00889,0.0
M00421_P00893,0.0
M00421_P00894,6.418205587330821
M00421_P00895,6.3311293922046135
M00421_P00901,6.981143696547804
M00421_P00909,0.0
M00422_P00611,5.877787713032334
M00422_P00618,0.0
M00422_P00619,5.9739725356823
M00422_P00622,5.884179327953282
M00422_P00625,0.0
M00422_P00630,5.85204705885079
M00422_P00632,6.160930030722032
M00422_P00635,6.48471130111216
M00422_P00644,6.423331945227522
M00422_P00645,7.180832155547793
M00422_P00650,6.1383263226080365
M00423_P00549,0.0
M00423_P00552,5.883672057948093
M00423_P00554,0.0
M00423_P00561,7.44279861521259
M00423_P00562,6.275688378515348
M00423_P00568,5.89730959172256
M00423_P00678,5.8607257925264244
M00423_P00679,0.0
M00423_P00680,5.948887125558943
M00423_P00681,0.0
M00423_P00683,6.265345501257242
M00423_P00694,0.0
M00424_P01041,0.0
M00424_P01042,0.0
M00424_P01048,0.0
M00424_P01049,7.078133353948141
M00424_P01051,6.167546532522902
M00424_P01055,0.0
M00424_P01063,5.892115704897776
M00424_P01064,5.889437599504361
M00424_P01099,0.0
M00424_P01107,6.00642456891415
M00424_P01108,6.848383185411039
M00424_P01109,0.0
M00424_P01114,6.322157027299218
M00424_P01118,0.0
M00425_P00157,0.0
M00425_P00159,0.0
M00425_P00164,6.242591326482362
M00425_P00169,5.844124288709984
M00425_P00171,6.169612356399042
M00425_P00175,6.24032394913227
M00425_P00549,0.0
M00425_P00552,5.818770534759519
M00425_P00554,6.392460634912786
M00425_P00561,7.2158761777769405
M00425_P00562,5.871998654455318
M00425_P00568,0.0
M00426_P00423,6.783500592444491
M00426_P00424,6.022909822764332
M00426_P00425,0.0
M00426_P00426,6.0198295729106475
M00426_P00431,6.022556354450494
M00426_P00436,0.0
M00426_P00440,0.0
M00426_P00478,0.0
M00426_P00479,0.0
M00426_P00486,6.227502245447613
M00426_P00491,0.0
M00427_P00136,7.028719152215899
M00427_P00141,7.04862367021786
M00427_P00148,0.0
M00427_P00156,0.0
M00427_P00549,0.0
M00427_P00552,5.871736971080827
M00427_P00554,0.0
M00427_P00561,0.0
M00427_P00562,5.882729412142027
M00427_P00568,6.0666728710294615
M00428_P00515,0.0
M00428_P00574,6.065322875817177
M00428_P00579,0.0
M00428_P00582,6.330598362026076
M00428_P00584,6.594410243620807
M00428_P00586,0.0
M00428_P00590,6.828057790400171
M00429_P00209,0.0
M00429_P00210,7.064164429406185
M00429_P00211,0.0
M00429_P00219,0.0
M00429_P00221,6.287287383300369
M00429_P00222,6.430244753472606
M00429_P00232,6.025217223927753
M00429_P00234,0.0
M00429_P01020,6.960176143009441
M00429_P01034,0.0
M00429_P01037,0.0
M00429_P01038,5.894032198166396
M00430_P00515,5.88252773942752
M00430_P00940,6.274406501488549
M00430_P00948,6.733031409291901
M00430_P00950,6.833097875959566
M00430_P00951,0.0
M00430_P00959,6.012590803081987
M00430_P00962,6.8035051992972475
M00431_P00209,0.0
M00431_P00210,7.11243456554229
M00431_P00211,0.0
M00431_P00219,5.859168187656219
M00431_P00221,6.564898431520123
M00431_P00222,0.0
M00431_P00232,0.0
M00431_P00234,6.920134675490428
M00431_P01120,0.0
M00432_P01070,5.848248887183911
M00432_P01074,0.0
M00432_P01082,5.879665255662204
M00432_P01120,5.864291025379259
M00433_P00032,0.0
M00433_P00044,6.803983348958172
M00433_P00045,6.101111809012914
M00433_P00050,5.891681354607719
M00433_P00052,6.445545755307168
M00433_P00625,0.0
M00433_P00630,6.223284395762914
M00433_P00632,6.342014389075698
M00433_P00635,0.0
M00433_P00644,6.4105828954561055
M00433_P00645,7.166710167072439
M00433_P00650,6.461167117504458
M00434_P00345,6.039453757192568
M00434_P00347,6.345921008157262
M00434_P00351,6.3304313920246695
M00434_P00353,6.044227985642408
M00434_P00359,6.373135495340499
M00434_P00362,6.353913976039878
M00434_P00574,0.0
M00434_P00579,6.0990234987418095
M00434_P00582,6.230490056727785
M00434_P00584,0.0
M00434_P00586,5.878238505568833
M00434_P00590,7.184875821603852
M00435_P00313,0.0
M00435_P00324,0.0
M00435_P00329,5.873704305691257
M00435_P00333,0.0
M00435_P00334,0.0
M00435_P00391,5.853252732758767
M00435_P00399,6.248500190269974
M00435_P00410,6.235151488150405
M00435_P00416,6.133489939902131
M00436_P00108,0.0
M00436_P00110,0.0
M00436_P00114,0.0
M00436_P00124,5.954135594368434
M00436_P00129,5.900582223635793
M00436_P00515,6.0388782494930675
M00437_P00835,0.0
M00437_P00840,0.0
M00437_P00844,6.181938661137606
M00437_P00847,6.0112956656303576
M00437_P00848,0.0
M00437_P00856,6.374193740115288
M00437_P00922,6.251490074528996
M00437_P00927,0.0
M00437_P00931,5.893716279875135
M00437_P00935,0.0
M00438_P00549,0.0
M00438_P00552,5.887294362444902
M00438_P00554,6.2789956607551645
M00438_P00561,0.0
M00438_P00562,0.0
M00438_P00568,0.0
M00438_P01099,6.22907524791968
M00438_P01107,0.0
M00438_P01108,6.730496071431065
M00438_P01109,6.17157916738542
M00438_P01114,6.158006009040649
M00438_P01118,6.27896200923098
M00439_P00625,0.0
M00439_P00630,0.0
M00439_P00632,6.179166565345032
M00439_P00635,6.007722244624859
M00439_P00644,6.254233600502821
M00439_P00645,0.0
M00439_P00650,6.681164728925009
M00439_P00991,0.0
M00439_P00993,5.850324614724352
M00439_P00997,5.879840441669942
M00439_P01000,0.0
M00439_P01010,6.234188103187627
M00440_P00287,0.0
M00440_P00290,6.011303728377401
M00440_P00291,6.036099134914211
M00440_P00295,0.0
M00440_P00297,6.016609336456043
M00440_P00298,0.0
M00440_P00299,6.206929192733436
M00440_P00304,5.994905928122038
M00440_P00307,0.0
M00440_P00309,0.0
M00440_P00310,6.763364217786878
M00440_P01177,0.0
M00440_P01182,5.875159400712339
M00440_P01184,5.85043371679724
M00440_P01193,5.859392886393818
M00440_P01196,0.0
M00441_P00732,0.0
M00441_P00738,6.055686070398174
M00441_P00742,6.3818126107922195
M00441_P00744,0.0
M00441_P00747,7.325142251105685
M00441_P00753,6.09245466475353
M00441_P01201,0.0
M00441_P01209,5.838703698484355
M00441_P01210,0.0
M00441_P01211,6.458046569692657
M00441_P01214,5.860559889962753
M00442_P00611,6.006106164681239
M00442_P00618,6.378209031300862
M00442_P00619,0.0
M00442_P00622,6.050770831639702
M00442_P01146,7.074305475608121
M00442_P01157,5.872185423245818
M00442_P01166,6.6161000922910045
M00442_P01169,5.902486325046805
M00443_P00732,0.0
M00443_P00738,5.8782766761793175
M00443_P00742,6.071166695090431
M00443_P00744,5.881843968785525
M00443_P00747,6.93668469112032
M00443_P00753,0.0
M00443_P01041,0.0
M00443_P01042,6.037450065671134
M00443_P01048,6.225503275942356
M00443_P01049,0.0
M00443_P01051,6.345279940550245
M00443_P01055,6.055422839366949
M00443_P01063,6.185599662824094
M00443_P01064,6.042891436560803
M00444_P00368,0.0
M00444_P00372,6.861830850385196
M00444_P00378,0.0
M00444_P00382,5.886051733219067
M00444_P00383,0.0
M00444_P00922,0.0
M00444_P00927,6.016325330918829
M00444_P00931,6.051173161750817
M00444_P00935,0.0
M00445_P00313,6.291079613669269
M00445_P00324,6.386372151030894
M00445_P00329,6.025424068970449
M00445_P00333,6.6464555294237755
M00445_P00334,6.39285982104253
M00445_P00782,0.0
M00445_P00786,5.89865535531002
M00445_P00788,6.823104954357239
M00445_P00797,0.0
M00445_P00803,6.856721360445528
M00446_P00478,0.0
M00446_P00479,6.507108835106477
M00446_P00486,6.27416975178227
M00446_P00491,5.833879228130437
M00446_P00761,0.0
M00446_P00772,5.848448054444118
M00447_P00835,0.0
M00447_P00840,5.8375796839226926
M00447_P00844,6.150293251021749
M00447_P00847,5.881980487425633
M00447_P00848,6.1910999713295265
M00447_P00856,6.226924901582894
M00447_P00888,6.03662073591751
M00447_P00889,6.01313570458043
M00447_P00893,6.018456648159653
M00447_P00894,6.407415775314845
M00447_P00895,6.335067451678459
M00447_P00901,0.0
M00447_P00909,6.741538354201696
M00448_P00313,0.0
M00448_P00324,0.0
M00448_P00329,5.825547389146082
M00448_P00333,6.096934441962798
M00448_P00334,6.689991336279157
M00448_P01020,6.891096715287624
M00448_P01034,5.876719562693873
M00448_P01037,5.8368432633109615
M00448_P01038,5.867859295240448
M00449_P00079,0.0
M00449_P00082,0.0
M00449_P00087,0.0
M00449_P00097,0.0
M00449_P00102,6.1135998480789135
M00449_P01099,6.275737358442021
M00449_P01107,0.0
M00449_P01108,6.7647266139530435
M00449_P01109,0.0
M00449_P01114,0.0
M00449_P01118,0.0
M00450_P00157,6.059484121765212
M00450_P00159,0.0
M00450_P00164,0.0
M00450_P00169,6.017180067455366
M00450_P00171,6.3821638649531245
M00450_P00175,0.0
M00450_P00922,0.0
M00450_P00927,6.006244278945558
M00450_P00931,0.0
M00450_P00935,6.35996037869273
M00451_P00136,0.0
M00451_P00141,0.0
M00451_P00148,0.0
M00451_P00156,6.572977674005101
M00451_P00478,6.045805863591223
M00451_P00479,6.787967199781352
M00451_P00486,0.0
M00451_P00491,6.019931796202687
M00452_P00443,6.511225248923722
M00452_P00448,6.014629981494954
M00452_P00452,6.0484233014330835
M00452_P00462,0.0
M00452_P00463,0.0
M00452_P00465,6.361648713120249
M00452_P00468,6.324282103583169
M00452_P00761,0.0
M00452_P00772,5.872127212779888
M00453_P00136,6.959740173586189
M00453_P00141,0.0
M00453_P00148,6.350863637074675
M00453_P00156,0.0
M00453_P00705,5.859403376018479
M00453_P00707,6.36241854841044
M00453_P00716,6.339446157304517
M00453_P00718,6.8410406634203005
M00453_P00724,0.0
M00453_P00728,0.0
M00454_P00032,0.0
M00454_P00044,0.0
M00454_P00045,5.8479543066278055
M00454_P00050,5.885046690913942
M00454_P00052,0.0
M00454_P00574,0.0
M00454_P00579,6.652090185960906
M00454_P00582,6.32511353446023
M00454_P00584,6.330741467603328
M00454_P00586,0.0
M00454_P00590,6.599657711067669
M00455_P00655,0.0
M00455_P00662,0.0
M00455_P00666,6.40462986826306
M00455_P00668,6.017188686273926
M00455_P00669,6.038509143269752
M00455_P00673,6.138962895891301
M00455_P00674,6.0398113082787654
M00455_P00863,5.875209304141524
M00455_P00880,6.615088078403081
M00455_P00882,7.1871480633737175
M00456_P00136,7.064836785760782
M00456_P00141,6.870840859366613
M00456_P00148,5.873983665321771
M00456_P00156,0.0
M00456_P00625,6.323769570463784
M00456_P00630,6.247225216982341
M00456_P00632,0.0
M00456_P00635,6.355147679985325
M00456_P00644,6.345527766595971
M00456_P00645,0.0
M00456_P00650,6.339262898198392
M00457_P00032,0.0
M00457_P00044,6.877784434369569
M00457_P00045,6.279119847197434
M00457_P00050,6.31650087188977
M00457_P00052,0.0
M00457_P00549,0.0
M00457_P00552,5.994936480797826
M00457_P00554,6.1405912680474195
M00457_P00561,6.889712519704755
M00457_P00562,0.0
M00457_P00568,5.864305052512366
M00458_P00209,0.0
M00458_P00210,6.985088819271215
M00458_P00211,0.0
M00458_P00219,0.0
M00458_P00221,6.235924266579866
M00458_P00222,6.294959088388798
M00458_P00232,5.866368904536152
M00458_P00234,7.347089200462958
M00458_P00241,6.020925038393575
M00458_P00244,6.038902775601673
M00458_P00245,6.342637841791639
M00458_P00248,6.708401575621966
M00458_P00255,0.0
M00458_P00260,6.544923233392528
M00459_P00782,6.308665386888331
M00459_P00786,0.0
M00459_P00788,6.782621881772758
M00459_P00797,6.350467183869037
M00459_P00803,6.848905014090147
M00459_P01177,0.0
M00459_P01182,5.82056855171727
M00459_P01184,5.869148709554526
M00459_P01193,5.80508058232399
M00459_P01196,0.0
M00460_P00732,0.0
M00460_P00738,0.0
M00460_P00742,0.0
M00460_P00744,0.0
M00460_P00747,7.299990007513339
M00460_P00753,5.9000188418996915
M00460_P01041,0.0
M00460_P01042,0.0
M00460_P01048,0.0
M00460_P01049,0.0
M00460_P01051,6.233823985625016
M00460_P01055,5.888993703446925
M00460_P01063,5.896832082657193
M00460_P01064,0.0
M00461_P00032,6.883538814320873
M00461_P00044,6.645379992970229
M00461_P00045,6.026551150937616
M00461_P00050,0.0
M00461_P00052,6.4576172419730185
M00461_P00443,0.0
M00461_P00448,0.0
M00461_P00452,5.892088837409447
M00461_P00462,6.672905980079031
M00461_P00463,0.0
M00461_P00465,6.775289303962725
M00461_P00468,6.189730926416779
M00462_P00922,6.245287779798977
M00462_P00927,5.802518551494794
M00462_P00931,5.905709021586846
M00462_P00935,6.705676047290648
M00462_P01223,5.858005121833307
M00462_P01234,6.855740950257866
M00462_P01236,0.0
M00462_P01241,6.445013876596474
M00462_P01242,5.8743718101231694
M00463_P00185,0.0
M00463_P00193,6.766479981014584
M00463_P00197,0.0
M00463_P00199,0.0
M00463_P00200,6.058015863915282
M00463_P00515,0.0
M00464_P00079,6.715588598599587
M00464_P00082,6.355722539257662
M00464_P00087,0.0
M00464_P00097,0.0
M00464_P00102,6.106985820138879
M00464_P00185,0.0
M00464_P00193,0.0
M00464_P00197,5.842539907901658
M00464_P00199,5.903106280253976
M00464_P00200,0.0
M00465_P01020,6.976511233590517
M00465_P01034,0.0
M00465_P01037,0.0
M00465_P01038,6.162281224332349
M00465_P01041,0.0
M00465_P01042,6.00887722091031
M00465_P01048,0.0
M00465_P01049,0.0
M00465_P01051,6.311413026975224
M00465_P01055,6.018626873796197
M00465_P01063,0.0
M00465_P01064,6.49360906178494
M00466_P00185,0.0
M00466_P00193,6.372687072820173
M00466_P00197,0.0
M00466_P00199,6.012945651174246
M00466_P00200,6.043079447007377
M00466_P00835,0.0
M00466_P00840,5.887185491304894
M00466_P00844,5.864171243166079
M00466_P00847,5.868927344086451
M00466_P00848,0.0
M00466_P00856,0.0
M00467_P00835,0.0
M00467_P00840,6.014663551737768
M00467_P00844,6.044048441393625
M00467_P00847,6.004418686803657
M00467_P00848,0.0
M00467_P00856,6.757961085390189
M00467_P01041,0.0
M00467_P01042,0.0
M00467_P01048,0.0
M00467_P01049,7.163312051463808
M00467_P01051,6.0519800619706405
M00467_P01055,5.879190784659528
M00467_P01063,5.867924990837715
M00467_P01064,0.0
M00468_P00241,5.814695205621385
M00468_P00244,0.0
M00468_P00245,0.0
M00468_P00248,6.220760553459289
M00468_P00255,7.035519867832598
M00468_P00260,0.0
M00468_P01177,6.343921109614132
M00468_P01182,0.0
M00468_P01184,0.0
M00468_P01193,0.0
M00468_P01196,6.366903171981878
M00469_P00011,5.801862728006783
M00469_P00024,5.906525044590953
M00469_P01041,0.0
M00469_P01042,0.0
M00469_P01048,0.0
M00469_P01049,7.265683195610607
M00469_P01051,0.0
M00469_P01055,5.841772914896158
M00469_P01063,5.8834211402914995
M00469_P01064,0.0
M00470_P00678,5.847031256046463
M00470_P00679,0.0
M00470_P00680,0.0
M00470_P00681,5.8701951692527645
M00470_P00683,0.0
M00470_P00694,6.541343215579541
M00470_P00940,6.023139972938865
M00470_P00948,6.339113769994178
M00470_P00950,0.0
M00470_P00951,0.0
M00470_P00959,0.0
M00470_P00962,0.0
M00471_P00611,0.0
M00471_P00618,6.287986496670479
M00471_P00619,0.0
M00471_P00622,0.0
M00471_P00863,0.0
M00471_P00880,6.233849046373723
M00471_P00882,6.53801455701608
M00472_P00625,0.0
M00472_P00630,0.0
M00472_P00632,6.271021636578955
M00472_P00635,0.0
M00472_P00644,6.2400271416645765
M00472_P00645,7.192991806939687
M00472_P00650,6.349916045231367
M00472_P00807,0.0
M00472_P00812,0.0
M00472_P00819,6.109787809555916
M00472_P00826,0.0
M00472_P00827,6.930086261901845
M00473_P00423,6.617131674088663
M00473_P00424,5.888362094782886
M00473_P00425,6.157089444071347
M00473_P00426,0.0
M00473_P00431,0.0
M00473_P00436,0.0
M00473_P00440,5.907928587319334
M00473_P00611,0.0
M00473_P00618,0.0
M00473_P00619,5.816094424345973
M00473_P00622,0.0
M00474_P00108,0.0
M00474_P00110,5.87745546268809
M00474_P00114,6.991867670601245
M00474_P00124,6.214989227889852
M00474_P00129,5.907467785263489
M00474_P00574,0.0
M00474_P00579,6.177022526386521
M00474_P00582,0.0
M00474_P00584,6.17981841161515
M00474_P00586,0.0
M00474_P00590,0.0
M00475_P01099,0.0
M00475_P01107,0.0
M00475_P01108,6.753382982920662
M00475_P01109,6.263783679004718
M00475_P01114,6.253671486556124
M00475_P01118,0.0
M00475_P01201,6.044297137538084
M00475_P01209,0.0
M00475_P01210,6.019593004327184
M00475_P01211,6.764076271422715
M00475_P01214,0.0
M00476_P00549,0.0
M00476_P00552,0.0
M00476_P00554,0.0
M00476_P00561,6.812117138256396
M00476_P00562,5.87543630610582
M00476_P00568,5.900481248558821
M00476_P00965,0.0
M00476_P00966,5.874470414934544
M00476_P00975,6.672830782346668
M00476_P00978,0.0
M00476_P00980,0.0
M00476_P00986,7.156761547117898
M00477_P00574,0.0
M00477_P00579,6.325594090236033
M00477_P00582,6.241646351534916
M00477_P00584,6.232096885111014
M00477_P00586,0.0
M00477_P00590,6.773052370482135
M00477_P00922,6.314151256560951
M00477_P00927,6.019088095159407
M00477_P00931,0.0
M00477_P00935,0.0
M00478_P00761,6.342642212680228
M00478_P00772,6.411177725119648
M00478_P01120,0.0
M00479_P00287,0.0
M00479_P00290,5.884295193114086
M00479_P00291,0.0
M00479_P00295,0.0
M00479_P00297,5.821506209101895
M00479_P00298,0.0
M00479_P00299,0.0
M00479_P00304,5.855943149569486
M00479_P00307,6.516119100039972
M00479_P00309,6.245500446897658
M00479_P00310,6.4006868765468745
M00479_P01041,0.0
M00479_P01042,5.8623011683444375
M00479_P01048,6.103049548669361
M00479_P01049,0.0
M00479_P01051,0.0
M00479_P01055,5.837985893504221
M00479_P01063,0.0
M00479_P01064,5.894561909428482
M00480_P00761,6.2833080799195065
M00480_P00772,0.0
M00480_P01177,6.372782721390835
M00480_P01182,6.014586618504524
M00480_P01184,6.2675187248201
M00480_P01193,0.0
M00480_P01196,6.493230982824257
M00481_P00055,0.0
M00481_P00057,0.0
M00481_P00059,0.0
M00481_P00064,5.841532442429814
M00481_P00066,7.053986544890251
M00481_P00071,0.0
M00481_P00077,6.636645856895466
M00481_P00313,6.226021770776307
M00481_P00324,5.954317500115714
M00481_P00329,5.934671982397139
M00481_P00333,6.222177173839988
M00481_P00334,0.0
M00482_P00055,5.854446093411851
M00482_P00057,5.876606759426209
M00482_P00059,6.252424323058668
M00482_P00064,5.8854736263002785
M00482_P00066,7.126243052676503
M00482_P00071,6.251679433376429
M00482_P00077,6.220271123790549
M00482_P00549,0.0
M00482_P00552,0.0
M00482_P00554,6.3476394403279075
M00482_P00561,7.42729142757208
M00482_P00562,6.035565113451474
M00482_P00568,6.227942898246952
M00483_P00782,0.0
M00483_P00786,5.816297280548242
M00483_P00788,6.665865537532214
M00483_P00797,6.277265356040942
M00483_P00803,0.0
M00483_P00888,0.0
M00483_P00889,0.0
M00483_P00893,5.838440533941057
M00483_P00894,6.268640204931769
M00483_P00895,0.0
M00483_P00901,7.0262027500066715
M00483_P00909,6.359239698483099
M00484_P00313,0.0
M00484_P00324,6.260804091652378
M00484_P00329,5.8566357716679125
M00484_P00333,6.573756342794186
M00484_P00334,0.0
M00484_P01070,5.852169796641843
M00484_P01074,0.0
M00484_P01082,5.828685314339602
M00485_P00079,6.506329545090898
M00485_P00082,0.0
M00485_P00087,0.0
M00485_P00097,6.362320527130762
M00485_P00102,0.0
M00485_P01099,6.196358251277893
M00485_P01107,0.0
M00485_P01108,6.79168563901512
M00485_P01109,0.0
M00485_P01114,0.0
M00485_P01118,0.0
M00486_P00185,0.0
M00486_P00193,6.395662208944508
M00486_P00197,6.0359394394007
M00486_P00199,0.0
M00486_P00200,6.340886416478645
M00486_P00625,0.0
M00486_P00630,5.921321796897773
M00486_P00632,6.174779228488479
M00486_P00635,0.0
M00486_P00644,6.247776824925736
M00486_P00645,7.247815583646638
M00486_P00650,0.0
M00487_P00732,0.0
M00487_P00738,0.0
M00487_P00742,6.255701470618251
M00487_P00744,5.961511151793494
M00487_P00747,0.0
M00487_P00753,5.912862809737956
M00487_P01223,5.862068512969976
M00487_P01234,0.0
M00487_P01236,0.0
M00487_P01241,6.298285882410268
M00487_P01242,5.879623232926683
M00488_P00287,0.0
M00488_P00290,0.0
M00488_P00291,5.852290185760153
M00488_P00295,7.117053326619154
M00488_P00297,5.853517511744549
M00488_P00298,5.830150988258628
M00488_P00299,0.0
M00488_P00304,0.0
M00488_P00307,6.22242583110191
M00488_P00309,6.376356517279788
M00488_P00310,6.223079560340702
M00488_P00835,0.0
M00488_P00840,0.0
M00488_P00844,6.013115014202889
M00488_P00847,6.127042973597451
M00488_P00848,6.021654103782072
M00488_P00856,0.0
M00489_P00611,0.0
M00489_P00618,6.30123508122038
M00489_P00619,5.89592331333746
M00489_P00622,5.991326481868158
M00489_P00888,0.0
M00489_P00889,0.0
M00489_P00893,6.015818602259337
M00489_P00894,6.399010860524219
M00489_P00895,0.0
M00489_P00901,7.18189215354165
M00489_P00909,6.458726634856243
M00490_P00705,6.015922826103078
M00490_P00707,6.511606129508318
M00490_P00716,0.0
M00490_P00718,6.750868979747939
M00490_P00724,6.2634148140070245
M00490_P00728,6.36960610501308
M00490_P01201,5.863533659432964
M00490_P01209,6.215735552453543
M00490_P01210,0.0
M00490_P01211,6.8748407034294425
M00490_P01214,5.984468746990829
M00491_P00287,0.0
M00491_P00290,0.0
M00491_P00291,5.9998108118411775
M00491_P00295,0.0
M00491_P00297,0.0
M00491_P00298,6.027575513498288
M00491_P00299,5.971571223958396
M00491_P00304,6.1582890076298575
M00491_P00307,0.0
M00491_P00309,0.0
M00491_P00310,0.0
M00491_P00991,0.0
M00491_P00993,5.873995162759275
M00491_P00997,0.0
M00491_P01000,0.0
M00491_P01010,6.257191670729558
M00492_P00157,0.0
M00492_P00159,0.0
M00492_P00164,0.0
M00492_P00169,5.880480470946667
M00492_P00171,0.0
M00492_P00175,0.0
M00492_P00529,5.86274700316948
M00492_P00535,0.0
M00492_P00536,5.909075691625666
M00492_P00542,0.0
M00492_P00543,0.0
M00493_P00478,0.0
M00493_P00479,6.777690789038239
M00493_P00486,6.5167837536645985
M00493_P00491,0.0
M00493_P01099,6.652836876930057
M00493_P01107,5.873646572612757
M00493_P01108,6.949403993215119
M00493_P01109,0.0
M00493_P01114,0.0
M00493_P01118,0.0
M00494_P00991,7.047660320133495
M00494_P00993,6.024780965685274
M00494_P00997,6.040822358975261
M00494_P01000,6.3347947726102225
M00494_P01010,6.386695214394616
M00494_P01201,5.904954376748825
M00494_P01209,5.896145505288878
M00494_P01210,5.8887244105821575
M00494_P01211,6.40264904534845
M00494_P01214,5.885435363798386
M00495_P00732,5.836225993993309
M00495_P00738,0.0
M00495_P00742,6.172397906105299
M00495_P00744,5.883683087246422
M00495_P00747,0.0
M00495_P00753,0.0
M00495_P01146,0.0
M00495_P01157,0.0
M00495_P01166,6.249317890989064
M00495_P01169,0.0
M00496_P00055,5.8595182319210695
M00496_P00057,5.894277764264688
M00496_P00059,6.246202418012256
M00496_P00064,5.8341516474836554
M00496_P00066,0.0
M00496_P00071,6.309478299502762
M00496_P00077,0.0
M00496_P01223,0.0
M00496_P01234,0.0
M00496_P01236,6.0163122353885035
M00496_P01241,6.369425310515607
M00496_P01242,6.023343033936713
M00497_P00443,0.0
M00497_P00448,0.0
M00497_P00452,0.0
M00497_P00462,6.6642877716953945
M00497_P00463,6.841785694868464
M00497_P00465,0.0
M00497_P00468,6.185920251348899
M00497_P01070,0.0
M00497_P01074,6.32580965795509
M00497_P01082,0.0
M00498_P00108,6.043439268265067
M00498_P00110,6.011099636230479
M00498_P00114,7.043827608094248
M00498_P00124,6.36455579752613
M00498_P00129,6.215659826030557
M00498_P01120,0.0
M00499_P00611,0.0
M00499_P00618,6.226807620372791
M00499_P00619,5.886359910985232
M00499_P00622,5.904359385837945
M00499_P00863,6.050195652807315
M00499_P00880,0.0
M00499_P00882,6.627140333914291
M00500_P00032,6.441224795628683
M00500_P00044,6.7479541174899484
M00500_P00045,6.053661845384637
M00500_P00050,5.892964097398174
M00500_P00052,6.21653356062593
M00500_P00266,6.3523907224238005
M00500_P00271,6.403107243420262
M00500_P00278,0.0
M00500_P00286,0.0
M00501_P00055,6.040891137378453
M00501_P00057,0.0
M00501_P00059,0.0
M00501_P00064,6.016975122562167
M00501_P00066,0.0
M00501_P00071,6.494968872444019
M00501_P00077,0.0
M00501_P00241,5.897861628588287
M00501_P00244,5.815713735091139
M00501_P00245,6.274682013495423
M00501_P00248,0.0
M00501_P00255,6.943646366004352
M00501_P00260,0.0
M00502_P00611,5.890789680426343
M00502_P00618,6.212085129014871
M00502_P00619,0.0
M00502_P00622,0.0
M00502_P01070,0.0
M00502_P01074,6.265046828966516
M00502_P01082,0.0
M00503_P00055,5.8663696626256
M00503_P00057,5.8318246900083395
M00503_P00059,6.270234465162743
M00503_P00064,0.0
M00503_P00066,0.0
M00503_P00071,6.481960083950523
M00503_P00077,6.200392854666655
M00503_P00940,0.0
M00503_P00948,0.0
M00503_P00950,6.271219019284914
M00503_P00951,6.319890034680271
M00503_P00959,0.0
M00503_P00962,0.0
M00504_P00732,5.873799585591793
M00504_P00738,5.8365825542713585
M00504_P00742,6.279690517111837
M00504_P00744,5.852958195097024
M00504_P00747,6.987134967810659
M00504_P00753,0.0
M00504_P01120,0.0
M00505_P00108,0.0
M00505_P00110,0.0
M00505_P00114,7.087761720063351
M00505_P00124,6.446630822350873
M00505_P00129,6.382797045619399
M00505_P00732,0.0
M00505_P00738,5.865971161977196
M00505_P00742,6.607541236482499
M00505_P00744,5.880701676258349
M00505_P00747,6.842869569485725
M00505_P00753,0.0
M00506_P00611,5.858753808583377
M00506_P00618,6.253552944978209
M00506_P00619,6.1488611789175165
M00506_P00622,5.881653546232157
M00506_P00863,5.878597051732881
M00506_P00880,5.926870021245788
M00506_P00882,0.0
M00507_P00443,6.218269453997127
M00507_P00448,5.876326954903576
M00507_P00452,6.121533481419464
M00507_P00462,6.2229847750933365
M00507_P00463,0.0
M00507_P00465,0.0
M00507_P00468,6.188886423552643
M00507_P01070,6.017789823077042
M00507_P01074,6.3353992141012
M00507_P01082,6.054680739583074
M00508_P00032,0.0
M00508_P00044,0.0
M00508_P00045,0.0
M00508_P00050,6.0443528934706645
M00508_P00052,6.430466905540278
M00508_P00313,0.0
M00508_P00324,6.265312680009636
M00508_P00329,5.8311274805235485
M00508_P00333,0.0
M00508_P00334,6.679255281872953
M00509_P00185,0.0
M00509_P00193,6.286745265803825
M00509_P00197,5.766925860546163
M00509_P00199,5.841228509780427
M00509_P00200,5.970543230519943
M00509_P00922,6.188283971619352
M00509_P00927,0.0
M00509_P00931,0.0
M00509_P00935,6.346723470364561
M00510_P00732,6.021772171326144
M00510_P00738,0.0
M00510_P00742,6.359825763703947
M00510_P00744,6.1502324932219485
M00510_P00747,0.0
M00510_P00753,6.317342725008712
M00510_P01177,6.348331960796596
M00510_P01182,5.855497162383215
M00510_P01184,5.881139406462155
M00510_P01193,5.890048653343477
M00510_P01196,0.0
M00511_P00807,0.0
M00511_P00812,7.006878743764462
M00511_P00819,6.021520631343551
M00511_P00826,6.305844126381211
M00511_P00827,6.738611072022657
M00511_P01146,7.10335383610026
M00511_P01157,5.896992040265647
M00511_P01166,0.0
M00511_P01169,6.14539241982698
M00512_P00108,5.896485114636719
M00512_P00110,5.857216291447133
M00512_P00114,0.0
M00512_P00124,0.0
M00512_P00129,5.898473162784967
M00512_P00209,5.8811553396187195
M00512_P00210,0.0
M00512_P00211,0.0
M00512_P00219,5.87708338773076
M00512_P00221,0.0
M00512_P00222,6.299991888763646
M00512_P00232,5.861827913469318
M00512_P00234,7.403382882778322
M00513_P00732,5.860528059982224
M00513_P00738,5.853421346290653
M00513_P00742,0.0
M00513_P00744,5.85686274123568
M00513_P00747,6.996029599712444
M00513_P00753,6.3065294638353695
M00513_P01177,6.868697915401882
M00513_P01182,6.015144243620992
M00513_P01184,0.0
M00513_P01193,0.0
M00513_P01196,6.309426027368993
M00514_P00574,0.0
M00514_P00579,6.351995469336937
M00514_P00582,0.0
M00514_P00584,6.233044153558007
M00514_P00586,5.867361836258931
M00514_P00590,0.0
M00514_P01099,6.428904987297501
M00514_P01107,0.0
M00514_P01108,0.0
M00514_P01109,6.392053766096707
M00514_P01114,6.3705918242365165
M00514_P01118,0.0
M00515_P00888,5.901403003657285
M00515_P00889,5.903778015336498
M00515_P00893,0.0
M00515_P00894,6.292258610601505
M00515_P00895,6.258649427650161
M00515_P00901,7.174057838957066
M00515_P00909,0.0
M00515_P00922,0.0
M00515_P00927,0.0
M00515_P00931,0.0
M00515_P00935,0.0
M00516_P00266,0.0
M00516_P00271,0.0
M00516_P00278,6.636489791603595
M00516_P00286,6.2377214752353725
M00516_P01201,0.0
M00516_P01209,5.873482703243459
M00516_P01210,0.0
M00516_P01211,7.1976239426549515
M00516_P01214,5.896345435830353
M00517_P00611,5.883749056630287
M00517_P00618,6.260054200478612
M00517_P00619,6.0301160569060075
M00517_P00622,0.0
M00517_P00863,6.027485322218873
M00517_P00880,0.0
M00517_P00882,6.879350458891594
M00518_P00209,0.0
M00518_P00210,6.931726911642624
M00518_P00211,0.0
M00518_P00219,5.892988982859642
M00518_P00221,0.0
M00518_P00222,6.273410487200246
M00518_P00232,0.0
M00518_P00234,7.105971888985019
M00518_P00313,0.0
M00518_P00324,0.0
M00518_P00329,6.0450789818484
M00518_P00333,0.0
M00518_P00334,6.40259230832753
M00519_P00032,6.747624140392852
M00519_P00044,0.0
M00519_P00045,6.034849323588963
M00519_P00050,0.0
M00519_P00052,6.802141086040474
M00519_P00625,0.0
M00519_P00630,5.839444463827889
M00519_P00632,0.0
M00519_P00635,6.165248173495995
M00519_P00644,0.0
M00519_P00645,0.0
M00519_P00650,0.0
M00520_P00761,0.0
M00520_P00772,5.894139527765756
M00520_P00940,6.120313589707539
M00520_P00948,6.356898084911689
M00520_P00950,6.260869804057627
M00520_P00951,6.428119824714408
M00520_P00959,6.284385103376848
M00520_P00962,7.128686661942748
M00521_P00108,5.878900365401845
M00521_P00110,5.857401331593064
M00521_P00114,6.988368060386408
M00521_P00124,6.263839098595151
M00521_P00129,0.0
M00521_P00529,6.035346643790158
M00521_P00535,6.018748533855805
M00521_P00536,6.037287561137666
M00521_P00542,6.015359527721306
M00521_P00543,0.0
M00522_P00678,0.0
M00522_P00679,6.8359938551884945
M00522_P00680,6.083867424352343
M00522_P00681,0.0
M00522_P00683,6.331115495227339
M00522_P00694,6.31227260658493
M00522_P00863,0.0
M00522_P00880,6.484486426927764
M00522_P00882,6.962198729988904
M00523_P00108,6.023387700050006
M00523_P00110,0.0
M00523_P00114,6.980993915726498
M00523_P00124,6.28353167869182
M00523_P00129,5.899802566575443
M00523_P00940,0.0
M00523_P00948,6.394202621661065
M00523_P00950,0.0
M00523_P00951,0.0
M00523_P00959,6.0131876619551665
M00523_P00962,0.0
M00524_P00108,5.8680609299575925
M00524_P00110,5.848994494523436
M00524_P00114,0.0
M00524_P00124,6.394690337012738
M00524_P00129,0.0
M00524_P01070,6.020338125858318
M00524_P01074,6.338653749025598
M00524_P01082,0.0
M00525_P00863,0.0
M00525_P00880,6.599249173251012
M00525_P00882,7.100290744051364
M00525_P01120,0.0
M00526_P00922,6.121385404904973
M00526_P00927,5.872044124695427
M00526_P00931,0.0
M00526_P00935,0.0
M00526_P01070,6.019606231761746
M00526_P01074,6.453677141590282
M00526_P01082,6.041764963233175
M00527_P00209,6.028823218180361
M00527_P00210,0.0
M00527_P00211,0.0
M00527_P00219,6.035967128353801
M00527_P00221,6.331740470267566
M00527_P00222,0.0
M00527_P00232,6.025551727193391
M00527_P00234,0.0
M00527_P00732,5.8495066319182945
M00527_P00738,5.861977525571469
M00527_P00742,0.0
M00527_P00744,0.0
M00527_P00747,0.0
M00527_P00753,0.0
M00528_P00185,0.0
M00528_P00193,6.356149454830302
M00528_P00197,0.0
M00528_P00199,0.0
M00528_P00200,0.0
M00528_P00888,5.845182822156148
M00528_P00889,0.0
M00528_P00893,0.0
M00528_P00894,6.674163611162209
M00528_P00895,6.239900541200686
M00528_P00901,7.108976266464339
M00528_P00909,6.533808355906533
M00529_P00266,6.360778001016216
M00529_P00271,6.4062950150740745
M00529_P00278,6.9042843832422465
M00529_P00286,6.33491933844089
M00529_P00287,0.0
M00529_P00290,5.899553043638301
M00529_P00291,5.882272987620314
M00529_P00295,0.0
M00529_P00297,0.0
M00529_P00298,0.0
M00529_P00299,5.854962547304131
M00529_P00304,5.82895653866596
M00529_P00307,6.239491693971917
M00529_P00309,0.0
M00529_P00310,5.911451897062971
M00530_P00574,0.0
M00530_P00579,6.222435136732501
M00530_P00582,6.29543761960593
M00530_P00584,0.0
M00530_P00586,5.883450244210877
M00530_P00590,6.712405700871076
M00530_P00888,0.0
M00530_P00889,5.845489461532004
M00530_P00893,5.829405560076837
M00530_P00894,0.0
M00530_P00895,6.486018217966732
M00530_P00901,7.043901317139752
M00530_P00909,0.0
M00531_P00313,6.316622304789543
M00531_P00324,6.607961744062208
M00531_P00329,0.0
M00531_P00333,6.70715338187869
M00531_P00334,6.307072285924374
M00531_P00423,6.691706964086186
M00531_P00424,5.860916693597185
M00531_P00425,6.338565408597163
M00531_P00426,0.0
M00531_P00431,5.880412936384165
M00531_P00436,6.1958351860786705
M00531_P00440,5.889121050679535
M00532_P00209,0.0
M00532_P00210,6.961965760116959
M00532_P00211,0.0
M00532_P00219,5.886899047340304
M00532_P00221,0.0
M00532_P00222,0.0
M00532_P00232,0.0
M00532_P00234,7.037224762679128
M00532_P01070,0.0
M00532_P01074,6.299807054632148
M00532_P01082,0.0
M00533_P00835,0.0
M00533_P00840,5.99051413149342
M00533_P00844,6.021493654514039
M00533_P00847,6.00956120551556
M00533_P00848,6.019218782956198
M00533_P00856,6.6215512153060185
M00533_P01099,6.329115080119622
M00533_P01107,0.0
M00533_P01108,6.618606077606547
M00533_P01109,6.228396680657587
M00533_P01114,6.442848101047982
M00533_P01118,0.0
M00534_P00266,6.093142613366041
M00534_P00271,0.0
M00534_P00278,6.509687946225827
M00534_P00286,6.260224379635714
M00534_P01120,0.0
M00535_P00055,0.0
M00535_P00057,5.9284852206173335
M00535_P00059,6.228411089502863
M00535_P00064,0.0
M00535_P00066,0.0
M00535_P00071,0.0
M00535_P00077,0.0
M00535_P00940,0.0
M00535_P00948,6.223782512762293
M00535_P00950,0.0
M00535_P00951,6.298035919874927
M00535_P00959,5.900124036041002
M00535_P00962,7.160377150862921
M00536_P00055,0.0
M00536_P00057,5.858517068309722
M00536_P00059,0.0
M00536_P00064,0.0
M00536_P00066,7.317713277563861
M00536_P00071,6.3181286632615175
M00536_P00077,0.0
M00536_P01099,0.0
M00536_P01107,0.0
M00536_P01108,0.0
M00536_P01109,6.567981956647467
M00536_P01114,6.5302187949512165
M00536_P01118,6.432568021020827
M00537_P00345,0.0
M00537_P00347,6.3399254898685005
M00537_P00351,6.379601208356552
M00537_P00353,0.0
M00537_P00359,0.0
M00537_P00362,6.066066441149917
M00537_P01070,5.838062930522454
M00537_P01074,6.183514680583172
M00537_P01082,5.9012897394226504
M00538_P01020,6.985010909805826
M00538_P01034,0.0
M00538_P01037,5.884920099135185
M00538_P01038,5.885180957332201
M00538_P01070,6.009085563307234
M00538_P01074,0.0
M00538_P01082,6.0609725212940635
M00539_P00888,5.874008356118302
M00539_P00889,0.0
M00539_P00893,5.877394793953638
M00539_P00894,0.0
M00539_P00895,0.0
M00539_P00901,7.117465732098244
M00539_P00909,0.0
M00539_P01041,5.842050561092044
M00539_P01042,0.0
M00539_P01048,0.0
M00539_P01049,0.0
M00539_P01051,6.237173040821207
M00539_P01055,5.787528117280126
M00539_P01063,5.894596829707643
M00539_P01064,5.843506875303271
M00540_P00391,0.0
M00540_P00399,6.220414578114877
M00540_P00410,6.264917192565669
M00540_P00416,6.253756769424215
M00540_P00782,6.4652145617154755
M00540_P00786,5.901148816200204
M00540_P00788,0.0
M00540_P00797,0.0
M00540_P00803,6.599772191643894
M00541_P00515,0.0
M00541_P00782,6.329024199873531
M00541_P00786,6.034240943066943
M00541_P00788,0.0
M00541_P00797,0.0
M00541_P00803,6.452108020330446
M00542_P00266,6.158026648500249
M00542_P00271,6.2770048659599365
M00542_P00278,6.675318347752171
M00542_P00286,0.0
M00542_P00761,6.309324852374741
M00542_P00772,0.0
M00543_P00345,0.0
M00543_P00347,6.299702406740615
M00543_P00351,6.273346093099926
M00543_P00353,5.805569653322871
M00543_P00359,0.0
M00543_P00362,5.957367796030794
M00543_P00761,6.222823139348861
M00543_P00772,6.034671006993286
M00544_P00529,5.863504690727302
M00544_P00535,0.0
M00544_P00536,0.0
M00544_P00542,0.0
M00544_P00543,0.0
M00544_P01201,5.996988669805288
M00544_P01209,6.043319451201796
M00544_P01210,6.037890241738147
M00544_P01211,6.914681405756244
M00544_P01214,6.026322746057738
M00545_P00209,0.0
M00545_P00210,7.087246862303836
M00545_P00211,0.0
M00545_P00219,0.0
M00545_P00221,6.411830586049988
M00545_P00222,6.769907863777069
M00545_P00232,6.3230703005316276
M00545_P00234,7.230025028464948
M00545_P00655,0.0
M00545_P00662,5.891499312651431
M00545_P00666,6.223529764528779
M00545_P00668,5.89590185981493
M00545_P00669,6.245917413712457
M00545_P00673,6.933790876517934
M00545_P00674,5.908714948074398
M00546_P00835,6.14848409085218
M00546_P00840,5.836252287442708
M00546_P00844,0.0
M00546_P00847,5.8736466986975735
M00546_P00848,5.897522955054104
M00546_P00856,0.0
M00546_P00940,6.027022192159178
M00546_P00948,0.0
M00546_P00950,6.24155112708155
M00546_P00951,6.184142319119489
M00546_P00959,0.0
M00546_P00962,6.990197874626873
M00547_P00391,0.0
M00547_P00399,6.262010102251852
M00547_P00410,0.0
M00547_P00416,6.380772541202726
M00547_P00782,6.261322557367697
M00547_P00786,5.821088267161793
M00547_P00788,0.0
M00547_P00797,0.0
M00547_P00803,0.0
M00548_P00391,0.0
M00548_P00399,0.0
M00548_P00410,0.0
M00548_P00416,0.0
M00548_P00732,0.0
M00548_P00738,0.0
M00548_P00742,0.0
M00548_P00744,6.035990506327015
M00548_P00747,6.8982230421512405
M00548_P00753,6.0661317004553394
M00549_P00079,6.450010053131646
M00549_P00082,6.203351699871109
M00549_P00087,5.8596182946028765
M00549_P00097,0.0
M00549_P00102,0.0
M00549_P00515,5.82556519909777
M00550_P00266,6.183604242999864
M00550_P00271,0.0
M00550_P00278,6.669390191681268
M00550_P00286,6.28591614885116
M00550_P00391,0.0
M00550_P00399,6.3928286352980646
M00550_P00410,6.586191911141074
M00550_P00416,6.335864854717897
M00551_P00266,0.0
M00551_P00271,6.271813918605344
M00551_P00278,6.66404445960497
M00551_P00286,0.0
M00551_P00313,0.0
M00551_P00324,6.702497997767755
M00551_P00329,0.0
M00551_P00333,6.352467882260156
M00551_P00334,6.460312054234642
M00552_P00515,0.0
M00552_P00807,0.0
M00552_P00812,0.0
M00552_P00819,0.0
M00552_P00826,6.341180621515187
M00552_P00827,6.559461845272985
M00553_P00136,0.0
M00553_P00141,6.8466096495848525
M00553_P00148,6.021163864532954
M00553_P00156,0.0
M00553_P00678,5.877740796889661
M00553_P00679,0.0
M00553_P00680,5.8749481670111185
M00553_P00681,0.0
M00553_P00683,6.471997664257011
M00553_P00694,6.941687879157192
M00554_P00345,5.865737748437554
M00554_P00347,0.0
M00554_P00351,6.723595335679346
M00554_P00353,5.876588673289156
M00554_P00359,0.0
M00554_P00362,0.0
M00554_P00391,0.0
M00554_P00399,0.0
M00554_P00410,0.0
M00554_P00416,6.2628715416186695
M00555_P00079,0.0
M00555_P00082,0.0
M00555_P00087,0.0
M00555_P00097,0.0
M00555_P00102,6.141074559758679
M00555_P00108,5.859236807828676
M00555_P00110,5.862287454081209
M00555_P00114,0.0
M00555_P00124,0.0
M00555_P00129,0.0
M00556_P00991,0.0
M00556_P00993,0.0
M00556_P00997,0.0
M00556_P01000,0.0
M00556_P01010,6.347234264194361
M00556_P01099,6.336298757564553
M00556_P01107,5.89384370943621
M00556_P01108,0.0
M00556_P01109,0.0
M00556_P01114,0.0
M00556_P01118,6.232079651739092
M00557_P00478,0.0
M00557_P00479,6.674885176424307
M00557_P00486,6.223574218595383
M00557_P00491,5.881925872363722
M00557_P00922,6.328243019867856
M00557_P00927,6.019981002862324
M00557_P00931,6.024495710835478
M00557_P00935,6.496866543978025
M00558_P00209,0.0
M00558_P00210,7.066568273074006
M00558_P00211,0.0
M00558_P00219,0.0
M00558_P00221,0.0
M00558_P00222,6.270592014027021
M00558_P00232,5.896077629164461
M00558_P00234,7.867058045663283
M00558_P00705,0.0
M00558_P00707,6.183177034780033
M00558_P00716,0.0
M00558_P00718,6.505794983560196
M00558_P00724,0.0
M00558_P00728,5.929209833443952
M00559_P00611,5.869830044448191
M00559_P00618,6.140606511670781
M00559_P00619,0.0
M00559_P00622,0.0
M00559_P00655,6.0103436901389395
M00559_P00662,5.889280425321857
M00559_P00666,6.336652663128017
M00559_P00668,5.871061531436379
M00559_P00669,6.245960411669234
M00559_P00673,0.0
M00559_P00674,0.0
M00560_P00079,0.0
M00560_P00082,6.823370489339884
M00560_P00087,0.0
M00560_P00097,6.40527734681113
M00560_P00102,0.0
M00560_P00965,6.251909395488806
M00560_P00966,5.969312952749063
M00560_P00975,6.749004081906306
M00560_P00978,0.0
M00560_P00980,0.0
M00560_P00986,0.0
M00561_P00611,5.858512234113187
M00561_P00618,6.229246428186941
M00561_P00619,5.820145743567103
M00561_P00622,6.066787069385064
M00561_P00940,6.121975297351062
M00561_P00948,6.664645758150649
M00561_P00950,0.0
M00561_P00951,6.510130343758153
M00561_P00959,0.0
M00561_P00962,0.0
M00562_P00625,0.0
M00562_P00630,0.0
M00562_P00632,6.266375031429431
M00562_P00635,0.0
M00562_P00644,6.157227966052392
M00562_P00645,6.908020697709433
M00562_P00650,6.103123740307862
M00562_P00863,0.0
M00562_P00880,0.0
M00562_P00882,6.677416847035838
M00563_P01020,6.722134616882387
M00563_P01034,0.0
M00563_P01037,5.903848109444032
M00563_P01038,5.8321551248831796
M00563_P01146,6.864468705258129
M00563_P01157,5.889901660685586
M00563_P01166,6.191413333588093
M00563_P01169,5.895328447233352
M00564_P00157,0.0
M00564_P00159,6.019335108399571
M00564_P00164,0.0
M00564_P00169,6.2860327018149755
M00564_P00171,6.383505396482445
M00564_P00175,6.077062002359877
M00564_P00209,5.869300168868964
M00564_P00210,0.0
M00564_P00211,0.0
M00564_P00219,0.0
M00564_P00221,6.308950361389011
M00564_P00222,6.253109301857589
M00564_P00232,5.883529176334352
M00564_P00234,0.0
M00565_P00549,5.864471746769738
M00565_P00552,0.0
M00565_P00554,6.423561266860071
M00565_P00561,0.0
M00565_P00562,5.8866714704426775
M00565_P00568,0.0
M00565_P00940,5.859330052689156
M00565_P00948,0.0
M00565_P00950,6.073383829712441
M00565_P00951,0.0
M00565_P00959,5.861547131238527
M00565_P00962,6.842096448861605
M00566_P00313,0.0
M00566_P00324,6.563040456995169
M00566_P00329,5.8583058226724845
M00566_P00333,6.208872939379458
M00566_P00334,0.0
M00566_P01020,6.936662608492318
M00566_P01034,0.0
M00566_P01037,6.034019439298532
M00566_P01038,0.0
M00567_P00055,0.0
M00567_P00057,6.027075925904676
M00567_P00059,6.360758721209855
M00567_P00064,6.002644070177517
M00567_P00066,0.0
M00567_P00071,6.55626366959515
M00567_P00077,6.403344566408261
M00567_P00835,0.0
M00567_P00840,5.937481017993454
M00567_P00844,6.0373774104294435
M00567_P00847,5.978863781551972
M00567_P00848,0.0
M00567_P00856,0.0
M00568_P00209,5.8548870004843625
M00568_P00210,0.0
M00568_P00211,0.0
M00568_P00219,5.835300891106427
M00568_P00221,6.25015959352179
M00568_P00222,0.0
M00568_P00232,5.89127718965644
M00568_P00234,0.0
M00568_P01201,0.0
M00568_P01209,5.835619585754514
M00568_P01210,0.0
M00568_P01211,0.0
M00568_P01214,5.902627423466495
M00569_P00761,0.0
M00569_P00772,5.860303088191315
M00569_P00863,0.0
M00569_P00880,0.0
M00569_P00882,0.0
M00570_P00529,5.885825283481464
M00570_P00535,6.124948401833601
M00570_P00536,0.0
M00570_P00542,5.8907199507965515
M00570_P00543,6.244774262352292
M00570_P01041,0.0
M00570_P01042,0.0
M00570_P01048,6.165782172633146
M00570_P01049,7.029766353453947
M00570_P01051,6.133233223089682
M00570_P01055,0.0
M00570_P01063,6.015636393790337
M00570_P01064,0.0
M00571_P00655,6.105980374664658
M00571_P00662,0.0
M00571_P00666,0.0
M00571_P00668,5.882661753461634
M00571_P00669,6.307474031458983
M00571_P00673,6.25236353193847
M00571_P00674,0.0
M00571_P01041,5.872804700287403
M00571_P01042,0.0
M00571_P01048,0.0
M00571_P01049,7.09740916436953
M00571_P01051,0.0
M00571_P01055,5.8716544873366
M00571_P01063,5.872080392996415
M00571_P01064,5.887276353963381
M00572_P00549,0.0
M00572_P00552,5.969923483106581
M00572_P00554,0.0
M00572_P00561,0.0
M00572_P00562,0.0
M00572_P00568,0.0
M00572_P00965,6.194185888780156
M00572_P00966,5.882559822021356
M00572_P00975,6.6088220880765265
M00572_P00978,6.935218172527629
M00572_P00980,6.362688079777485
M00572_P00986,6.96824394987747
M00573_P00940,5.834390733549671
M00573_P00948,6.226809851548782
M00573_P00950,6.1456401305907935
M00573_P00951,6.708396853788984
M00573_P00959,5.8652294586949685
M00573_P00962,7.23346934657757
M00573_P01177,6.377801417894946
M00573_P01182,6.012872462504764
M00573_P01184,6.034453589791507
M00573_P01193,0.0
M00573_P01196,0.0
M00574_P00032,0.0
M00574_P00044,7.024028832917934
M00574_P00045,0.0
M00574_P00050,6.039502202382116
M00574_P00052,6.44518212435368
M00574_P00625,0.0
M00574_P00630,5.857826298224799
M00574_P00632,6.280831040086019
M00574_P00635,0.0
M00574_P00644,6.297606605472817
M00574_P00645,0.0
M00574_P00650,0.0
M00575_P00678,6.03931164529987
M00575_P00679,0.0
M00575_P00680,0.0
M00575_P00681,6.038001677197366
M00575_P00683,6.344233698720687
M00575_P00694,6.368963214560015
M00575_P00991,6.818405080961734
M00575_P00993,5.850473760784911
M00575_P00997,5.877006979665209
M00575_P01000,0.0
M00575_P01010,6.338743500916618
M00576_P00782,0.0
M00576_P00786,0.0
M00576_P00788,7.054692884372449
M00576_P00797,6.3542897711888315
M00576_P00803,6.3697821925283975
M00576_P00991,0.0
M00576_P00993,5.9120471463082
M00576_P00997,5.8695258440770655
M00576_P01000,0.0
M00576_P01010,0.0
M00577_P00079,6.324047856333064
M00577_P00082,0.0
M00577_P00087,5.894491361289418
M00577_P00097,6.442643114914582
M00577_P00102,5.917886317659983
M00577_P01201,0.0
M00577_P01209,6.016073357039874
M00577_P01210,6.052719100859579
M00577_P01211,6.967126732598248
M00577_P01214,6.0487957707539275
M00578_P00266,0.0
M00578_P00271,0.0
M00578_P00278,6.562574607911618
M00578_P00286,6.376058614299933
M00578_P00888,6.263306036304905
M00578_P00889,0.0
M00578_P00893,5.889835182542658
M00578_P00894,0.0
M00578_P00895,6.174327692251969
M00578_P00901,7.074102707163129
M00578_P00909,0.0
M00579_P00241,5.8918607159591945
M00579_P00244,5.855534484547328
M00579_P00245,6.127625701366797
M00579_P00248,6.25288882582381
M00579_P00255,7.128443397812872
M00579_P00260,7.0772783495758675
M00579_P01146,6.954449051844848
M00579_P01157,6.020192910407456
M00579_P01166,6.690944327040622
M00579_P01169,0.0
M00580_P00940,5.899341046196253
M00580_P00948,0.0
M00580_P00950,6.079465355309975
M00580_P00951,6.3873052623149045
M00580_P00959,0.0
M00580_P00962,0.0
M00580_P01177,0.0
M00580_P01182,6.017959610351422
M00580_P01184,0.0
M00580_P01193,6.319297904070953
M00580_P01196,6.303962211840593
M00581_P00032,6.817858946316221
M00581_P00044,6.833642642027236
M00581_P00045,6.040927750629313
M00581_P00050,6.306938794661456
M00581_P00052,6.440707899105681
M00581_P00761,0.0
M00581_P00772,5.887154658622414
M00582_P00241,0.0
M00582_P00244,5.831624052614087
M00582_P00245,6.237988768710432
M00582_P00248,6.2666177300816015
M00582_P00255,0.0
M00582_P00260,6.745562224948832
M00582_P00705,0.0
M00582_P00707,6.57402384865008
M00582_P00716,6.374194445961575
M00582_P00718,0.0
M00582_P00724,6.053952114677608
M00582_P00728,0.0
M00583_P00678,5.857168613359279
M00583_P00679,0.0
M00583_P00680,0.0
M00583_P00681,5.846327748502497
M00583_P00683,6.224295008881328
M00583_P00694,6.098329132084894
M00583_P00863,0.0
M00583_P00880,0.0
M00583_P00882,6.93570229833834
M00584_P01201,5.836489550099642
M00584_P01209,5.863821262812407
M00584_P01210,0.0
M00584_P01211,6.794162636594933
M00584_P01214,5.856953862851835
M00584_P01223,0.0
M00584_P01234,6.653720524585017
M00584_P01236,0.0
M00584_P01241,6.243268245945331
M00584_P01242,5.844412336952214
M00585_P00345,0.0
M00585_P00347,6.306271930607267
M00585_P00351,6.716043588416982
M00585_P00353,6.039272665387233
M00585_P00359,0.0
M00585_P00362,6.038489685798778
M00585_P00863,5.9773765232306
M00585_P00880,6.634384038626093
M00585_P00882,6.967021499983664
M00586_P00782,0.0
M00586_P00786,5.865297564412664
M00586_P00788,0.0
M00586_P00797,0.0
M00586_P00803,0.0
M00586_P01099,6.401693528459399
M00586_P01107,6.016123427595987
M00586_P01108,6.783695746567665
M00586_P01109,6.394270858051147
M00586_P01114,6.281017609769455
M00586_P01118,6.480498444590121
M00587_P00287,5.857462298383245
M00587_P00290,0.0
M00587_P00291,5.890026733225088
M00587_P00295,0.0
M00587_P00297,0.0
M00587_P00298,0.0
M00587_P00299,0.0
M00587_P00304,5.879604395212101
M00587_P00307,6.256875176217753
M00587_P00309,6.69717886777687
M00587_P00310,6.209010459796186
M00587_P00529,0.0
M00587_P00535,6.030308008110352
M00587_P00536,6.042406278543449
M00587_P00542,6.015393244285808
M00587_P00543,0.0
M00588_P00574,0.0
M00588_P00579,6.0767391272113
M00588_P00582,0.0
M00588_P00584,0.0
M00588_P00586,0.0
M00588_P00590,6.731274803117184
M00588_P00888,0.0
M00588_P00889,6.012447225365172
M00588_P00893,5.808262978334119
M00588_P00894,0.0
M00588_P00895,0.0
M00588_P00901,7.112071197250034
M00588_P00909,0.0
M00589_P00782,0.0
M00589_P00786,5.880760725085626
M00589_P00788,7.0964515142013305
M00589_P00797,6.135814266786179
M00589_P00803,6.257694883252728
M00589_P01020,6.842010192931289
M00589_P01034,5.8524845482228
M00589_P01037,5.901563610733766
M00589_P01038,0.0
M00590_P00443,0.0
M00590_P00448,5.884792974125498
M00590_P00452,0.0
M00590_P00462,6.25380555813624
M00590_P00463,6.5773617555926895
M00590_P00465,6.261689797642885
M00590_P00468,6.016975846119506
M00590_P00940,0.0
M00590_P00948,0.0
M00590_P00950,6.1740629660074315
M00590_P00951,6.120147924412363
M00590_P00959,5.882134484948774
M00590_P00962,7.071234615331122
M00591_P00478,5.856775773266584
M00591_P00479,0.0
M00591_P00486,6.2283193752688195
M00591_P00491,5.922855718478109
M00591_P00515,6.28347384351553
M00592_P01146,6.944571470417669
M00592_P01157,5.8702248590479265
M00592_P01166,6.3134218379271445
M00592_P01169,5.896127594983507
M00592_P01201,5.880911946122245
M00592_P01209,5.841304494247903
M00592_P01210,0.0
M00592_P01211,0.0
M00592_P01214,5.890695566969495
M00593_P00574,5.923255121736807
M00593_P00579,6.2676005983320495
M00593_P00582,0.0
M00593_P00584,0.0
M00593_P00586,5.81658571409303
M00593_P00590,0.0
M00593_P00782,0.0
M00593_P00786,5.884936723298179
M00593_P00788,6.887799027815126
M00593_P00797,0.0
M00593_P00803,6.197690286882197
M00594_P00185,5.876906357634851
M00594_P00193,6.253579230319091
M00594_P00197,5.779113280691434
M00594_P00199,5.834908005550946
M00594_P00200,5.902671264159875
M00594_P00478,0.0
M00594_P00479,6.842285455168028
M00594_P00486,6.398549955183381
M00594_P00491,0.0
M00595_P00574,0.0
M00595_P00579,0.0
M00595_P00582,6.297306565132012
M00595_P00584,6.305527279139129
M00595_P00586,6.323159087153955
M00595_P00590,0.0
M00595_P00655,0.0
M00595_P00662,5.972424227430989
M00595_P00666,6.470762179633755
M00595_P00668,0.0
M00595_P00669,6.268068008082203
M00595_P00673,6.263710451259995
M00595_P00674,5.906988686307468
M00596_P00055,6.049363047620891
M00596_P00057,5.9995585722003355
M00596_P00059,6.374020220533132
M00596_P00064,0.0
M00596_P00066,6.980387794045916
M00596_P00071,6.443801105196234
M00596_P00077,6.366717091599722
M00596_P00478,0.0
M00596_P00479,0.0
M00596_P00486,0.0
M00596_P00491,0.0
M00597_P00574,0.0
M00597_P00579,6.26555113559451
M00597_P00582,0.0
M00597_P00584,6.224216133888241
M00597_P00586,5.917518495746169
M00597_P00590,6.627648993600024
M00597_P00761,0.0
M00597_P00772,0.0
M00598_P00782,0.0
M00598_P00786,0.0
M00598_P00788,6.958721735055982
M00598_P00797,0.0
M00598_P00803,6.2519408096664355
M00598_P01223,6.117894559988698
M00598_P01234,0.0
M00598_P01236,6.011412743147932
M00598_P01241,6.382215692984467
M00598_P01242,0.0
M00599_P00443,0.0
M00599_P00448,5.87685649732315
M00599_P00452,5.883837105608283
M00599_P00462,0.0
M00599_P00463,6.874963006183138
M00599_P00465,0.0
M00599_P00468,6.256470138507515
M00599_P00888,6.000714126351969
M00599_P00889,6.007306007084062
M00599_P00893,6.015366005302176
M00599_P00894,6.415218975423468
M00599_P00895,6.330071711066085
M00599_P00901,0.0
M00599_P00909,6.568400066431975
M00600_P00157,0.0
M00600_P00159,0.0
M00600_P00164,6.338841784448735
M00600_P00169,0.0
M00600_P00171,6.6656516922754
M00600_P00175,6.650794552051747
M00600_P00209,5.869478420479417
M00600_P00210,0.0
M00600_P00211,0.0
M00600_P00219,5.860460065709245
M00600_P00221,6.307028639966996
M00600_P00222,0.0
M00600_P00232,5.808753300283097
M00600_P00234,7.063765634042893
M00601_P00079,0.0
M00601_P00082,6.306515569801167
M00601_P00087,0.0
M00601_P00097,0.0
M00601_P00102,6.0908942577191985
M00601_P00391,0.0
M00601_P00399,6.201294296147855
M00601_P00410,6.4512613576318145
M00601_P00416,6.327184604168052
M00602_P00368,6.027327121660143
M00602_P00372,0.0
M00602_P00378,6.234005322957284
M00602_P00382,0.0
M00602_P00383,6.019119797301683
M00602_P01041,5.985659032364733
M00602_P01042,0.0
M00602_P01048,6.101333513850169
M00602_P01049,0.0
M00602_P01051,6.239023829741423
M00602_P01055,0.0
M00602_P01063,5.897698070664203
M00602_P01064,0.0
M00603_P00549,5.846535745665214
M00603_P00552,5.875365698335915
M00603_P00554,0.0
M00603_P00561,7.06143196970675
M00603_P00562,5.884736494424248
M00603_P00568,0.0
M00603_P00678,0.0
M00603_P00679,6.822442284452902
M00603_P00680,5.938663489961421
M00603_P00681,5.882534531097409
M00603_P00683,0.0
M00603_P00694,0.0
M00604_P00157,6.024858321650405
M00604_P00159,0.0
M00604_P00164,6.319385227630981
M00604_P00169,6.014507007711853
M00604_P00171,6.396066472795983
M00604_P00175,6.389378155897566
M00604_P01146,0.0
M00604_P01157,5.895210987652657
M00604_P01166,6.228111493052096
M00604_P01169,0.0
M00605_P00011,0.0
M00605_P00024,5.881289828749136
M00605_P00940,0.0
M00605_P00948,6.294695148454158
M00605_P00950,6.158983283242941
M00605_P00951,6.246955104652195
M00605_P00959,0.0
M00605_P00962,7.14858841834737
M00606_P00782,6.247979607020519
M00606_P00786,0.0
M00606_P00788,6.829692847974699
M00606_P00797,6.258442844795861
M00606_P00803,6.263814506552816
M00606_P01070,6.014349672197853
M00606_P01074,6.501797605538338
M00606_P01082,0.0
M00607_P00478,6.029273937362437
M00607_P00479,0.0
M00607_P00486,6.399445718533896
M00607_P00491,0.0
M00607_P00549,0.0
M00607_P00552,6.248015642693384
M00607_P00554,6.353709490269004
M00607_P00561,7.1244702776750515
M00607_P00562,0.0
M00607_P00568,0.0
M00608_P00136,0.0
M00608_P00141,6.737430971834991
M00608_P00148,5.808781350538734
M00608_P00156,0.0
M00608_P01099,6.428844297757198
M00608_P01107,6.017234667503334
M00608_P01108,0.0
M00608_P01109,6.445041023104391
M00608_P01114,6.731013243800477
M00608_P01118,6.463130376201003
M00609_P00888,5.832837544209608
M00609_P00889,0.0
M00609_P00893,5.9006816108279
M00609_P00894,0.0
M00609_P00895,6.223878564004731
M00609_P00901,0.0
M00609_P00909,6.15827817578462
M00609_P01223,0.0
M00609_P01234,6.784285201522583
M00609_P01236,6.0316643931121
M00609_P01241,6.331397248804908
M00609_P01242,6.019493718937545
M00610_P00287,0.0
M00610_P00290,6.005459091203229
M00610_P00291,0.0
M00610_P00295,7.122344159412892
M00610_P00297,6.016712526962898
M00610_P00298,0.0
M00610_P00299,6.018614194298666
M00610_P00304,6.157481424464992
M00610_P00307,6.448400500161555
M00610_P00309,6.728292199034692
M00610_P00310,0.0
M00610_P00678,5.876825427907187
M00610_P00679,0.0
M00610_P00680,5.90120317491338
M00610_P00681,0.0
M00610_P00683,0.0
M00610_P00694,0.0
M00611_P00287,0.0
M00611_P00290,5.998052345708
M00611_P00291,6.039805165069431
M00611_P00295,0.0
M00611_P00297,0.0
M00611_P00298,0.0
M00611_P00299,0.0
M00611_P00304,6.022549427074536
M00611_P00307,6.5290191302525376
M00611_P00309,6.569055460698838
M00611_P00310,6.392259829590829
M00611_P00807,0.0
M00611_P00812,7.082433976584916
M00611_P00819,5.853081250624404
M00611_P00826,0.0
M00611_P00827,6.758903748285194
M00612_P00011,0.0
M00612_P00024,6.0228314788010495
M00612_P00055,0.0
M00612_P00057,5.8764237867790925
M00612_P00059,6.238412509132741
M00612_P00064,5.824590795351781
M00612_P00066,7.046168981808881
M00612_P00071,0.0
M00612_P00077,6.620574200056384
M00613_P00478,0.0
M00613_P00479,0.0
M00613_P00486,6.520831884963149
M00613_P00491,5.865919079988474
M00613_P00549,0.0
M00613_P00552,0.0
M00613_P00554,0.0
M00613_P00561,7.033734017818534
M00613_P00562,0.0
M00613_P00568,5.8750027693082485
M00614_P00209,0.0
M00614_P00210,0.0
M00614_P00211,5.850155351372922
M00614_P00219,5.887898432586599
M00614_P00221,0.0
M00614_P00222,6.803577358404336
M00614_P00232,0.0
M00614_P00234,7.116916041620021
M00614_P00863,6.052038865397794
M00614_P00880,6.350454870242675
M00614_P00882,0.0
M00615_P00185,0.0
M00615_P00193,6.3333208501080085
M00615_P00197,0.0
M00615_P00199,5.934316006857894
M00615_P00200,5.891949578129927
M00615_P00313,0.0
M00615_P00324,0.0
M00615_P00329,5.883829334494339
M00615_P00333,6.059695485961098
M00615_P00334,6.609609405345175
M00616_P00761,6.471259013348429
M00616_P00772,6.035848620727114
M00616_P01201,0.0
M00616_P01209,0.0
M00616_P01210,5.838767151164716
M00616_P01211,6.770999204039665
M00616_P01214,0.0
M00617_P00287,0.0
M00617_P00290,6.017538153014755
M00617_P00291,0.0
M00617_P00295,6.987775323385773
M00617_P00297,5.998745516650659
M00617_P00298,6.033483063808761
M00617_P00299,0.0
M00617_P00304,6.0507514986236615
M00617_P00307,0.0
M00617_P00309,6.572099647543101
M00617_P00310,0.0
M00617_P01177,0.0
M00617_P01182,5.864885904008576
M00617_P01184,0.0
M00617_P01193,0.0
M00617_P01196,6.054715810528867
M00618_P00478,6.0323987704872835
M00618_P00479,6.815871739807046
M00618_P00486,0.0
M00618_P00491,6.138826980946018
M00618_P00965,6.196155023974152
M00618_P00966,0.0
M00618_P00975,6.762176751012777
M00618_P00978,0.0
M00618_P00980,0.0
M00618_P00986,7.031899989979391
M00619_P00287,0.0
M00619_P00290,5.859131479901382
M00619_P00291,0.0
M00619_P00295,0.0
M00619_P00297,0.0
M00619_P00298,5.9607620156132315
M00619_P00299,0.0
M00619_P00304,0.0
M00619_P00307,6.470306331829721
M00619_P00309,6.226373184408305
M00619_P00310,0.0
M00619_P01041,0.0
M00619_P01042,0.0
M00619_P01048,0.0
M00619_P01049,0.0
M00619_P01051,0.0
M00619_P01055,5.887758024029905
M00619_P01063,0.0
M00619_P01064,5.894679357083181
M00620_P00705,5.8756455350294825
M00620_P00707,6.3497934101098545
M00620_P00716,6.273506670788851
M00620_P00718,0.0
M00620_P00724,5.893877125216306
M00620_P00728,0.0
M00620_P00863,0.0
M00620_P00880,0.0
M00620_P00882,0.0
M00621_P00655,6.29329368465047
M00621_P00662,0.0
M00621_P00666,6.325465378357226
M00621_P00668,0.0
M00621_P00669,6.16787911152792
M00621_P00673,6.376634374815637
M00621_P00674,0.0
M00621_P01120,5.878063360318416
M00622_P00209,0.0
M00622_P00210,6.894494378642559
M00622_P00211,0.0
M00622_P00219,5.897635012469235
M00622_P00221,6.288620544332124
M00622_P00222,0.0
M00622_P00232,5.906994424623786
M00622_P00234,0.0
M00622_P00807,0.0
M00622_P00812,0.0
M00622_P00819,5.857900010405753
M00622_P00826,6.3517992147809785
M00622_P00827,7.265500750010258
M00623_P00011,0.0
M00623_P00024,5.989949048129679
M00623_P00443,0.0
M00623_P00448,5.871824380771934
M00623_P00452,0.0
M00623_P00462,0.0
M00623_P00463,6.2568103080956625
M00623_P00465,6.329723805633551
M00623_P00468,0.0
M00624_P00443,6.228891796795426
M00624_P00448,0.0
M00624_P00452,0.0
M00624_P00462,6.319036285681262
M00624_P00463,6.218181013523255
M00624_P00465,0.0
M00624_P00468,6.303082629866778
M00624_P00732,0.0
M00624_P00738,6.437603568986663
M00624_P00742,6.373644204011758
M00624_P00744,6.035000981580596
M00624_P00747,0.0
M00624_P00753,0.0
M00625_P00965,0.0
M00625_P00966,0.0
M00625_P00975,6.763921782382851
M00625_P00978,0.0
M00625_P00980,0.0
M00625_P00986,6.855402561465055
M00625_P01223,0.0
M00625_P01234,6.846969983389858
M00625_P01236,5.898208838440126
M00625_P01241,0.0
M00625_P01242,5.854783915364664
M00626_P00423,6.632415994794719
M00626_P00424,5.87846743723992
M00626_P00425,6.273666286680948
M00626_P00426,0.0
M00626_P00431,5.871696994867972
M00626_P00436,6.386219738732144
M00626_P00440,0.0
M00626_P01099,6.294136159534989
M00626_P01107,0.0
M00626_P01108,6.871892574814937
M00626_P01109,6.30001185929197
M00626_P01114,6.387179811081035
M00626_P01118,0.0
M00627_P00079,6.7973310445733235
M00627_P00082,6.326179355653559
M00627_P00087,6.028256277039543
M00627_P00097,6.373345203189945
M00627_P00102,0.0
M00627_P01120,5.878104270050374
M00628_P00266,0.0
M00628_P00271,6.263380521873241
M00628_P00278,6.811904727915544
M00628_P00286,6.763080900516585
M00628_P00515,0.0
M00629_P00185,5.862424916248727
M00629_P00193,6.2592966260622465
M00629_P00197,5.811815575807905
M00629_P00199,0.0
M00629_P00200,0.0
M00629_P01146,0.0
M00629_P01157,0.0
M00629_P01166,6.2627830364292105
M00629_P01169,6.017742041714822
M00630_P00611,0.0
M00630_P00618,6.223529539663465
M00630_P00619,5.86556275876629
M00630_P00622,5.837644548989191
M00630_P01041,6.032479598933479
M00630_P01042,0.0
M00630_P01048,6.18928713279919
M00630_P01049,0.0
M00630_P01051,6.300319582040967
M00630_P01055,6.015995544310582
M00630_P01063,6.007774698237586
M00630_P01064,0.0
M00631_P00209,0.0
M00631_P00210,6.87798689629472
M00631_P00211,0.0
M00631_P00219,0.0
M00631_P00221,6.429935028259472
M00631_P00222,6.4253215490554725
M00631_P00232,0.0
M00631_P00234,7.239343405760816
M00631_P00807,0.0
M00631_P00812,7.0658145110314585
M00631_P00819,0.0
M00631_P00826,0.0
M00631_P00827,6.694327109299633
M00632_P00991,7.03773058576542
M00632_P00993,5.835614497133601
M00632_P00997,6.230870582342716
M00632_P01000,0.0
M00632_P01010,6.347133146825804
M00632_P01223,0.0
M00632_P01234,0.0
M00632_P01236,5.878982402102199
M00632_P01241,6.171130198959429
M00632_P01242,0.0
M00633_P00922,6.252689086549922
M00633_P00927,0.0
M00633_P00931,5.8686851517440415
M00633_P00935,6.253499022459302
M00633_P01146,0.0
M00633_P01157,0.0
M00633_P01166,0.0
M00633_P01169,0.0
M00634_P00391,0.0
M00634_P00399,6.320302301565523
M00634_P00410,0.0
M00634_P00416,6.683536512857849
M00634_P01146,7.0393645391198705
M00634_P01157,5.835544698181938
M00634_P01166,6.235832353988926
M00634_P01169,0.0
M00635_P00732,0.0
M00635_P00738,0.0
M00635_P00742,6.26489532225251
M00635_P00744,5.858425835551443
M00635_P00747,7.285706708703729
M00635_P00753,5.942112006202284
M00635_P00863,5.82424600943742
M00635_P00880,0.0
M00635_P00882,0.0
M00636_P00108,0.0
M00636_P00110,5.8567310542921796
M00636_P00114,6.966137065242688
M00636_P00124,6.232089922913287
M00636_P00129,5.891444712995342
M00636_P00965,0.0
M00636_P00966,0.0
M00636_P00975,7.0035523149119285
M00636_P00978,6.765274607795731
M00636_P00980,6.447608525833004
M00636_P00986,0.0
M00637_P00835,6.137603613776354
M00637_P00840,5.892437981764485
M00637_P00844,5.863891740697629
M00637_P00847,0.0
M00637_P00848,5.88890280424215
M00637_P00856,6.23520876384462
M00637_P00922,6.370930784869683
M00637_P00927,0.0
M00637_P00931,0.0
M00637_P00935,6.627015054567189
M00638_P00266,6.57178444662444
M00638_P00271,6.301606928744434
M00638_P00278,6.522370933798755
M00638_P00286,6.22112473486716
M00638_P00549,0.0
M00638_P00552,5.891142220554474
M00638_P00554,0.0
M00638_P00561,7.140051059918675
M00638_P00562,0.0
M00638_P00568,5.892708006619574
M00639_P00185,0.0
M00639_P00193,0.0
M00639_P00197,6.012841409337715
M00639_P00199,6.045246986262758
M00639_P00200,0.0
M00639_P01146,0.0
M00639_P01157,5.877777674242915
M00639_P01166,0.0
M00639_P01169,5.885809726484671
M00640_P00136,7.026452723047554
M00640_P00141,6.881984969272034
M00640_P00148,0.0
M00640_P00156,6.515332983478273
M00640_P00863,5.819798752529701
M00640_P00880,0.0
M00640_P00882,6.805497503329435
M00641_P00209,6.0669432598306114
M00641_P00210,0.0
M00641_P00211,0.0
M00641_P00219,0.0
M00641_P00221,6.485998208549239
M00641_P00222,6.461933076102484
M00641_P00232,0.0
M00641_P00234,7.033319013410505
M00641_P00761,0.0
M00641_P00772,5.796090732239665
M00642_P00761,6.359666108850501
M00642_P00772,5.991968187127651
M00642_P00965,6.249965152018515
M00642_P00966,0.0
M00642_P00975,0.0
M00642_P00978,6.744009503425175
M00642_P00980,0.0
M00642_P00986,6.507751030682275
M00643_P00515,0.0
M00643_P01120,0.0
M00644_P00423,6.777354551342562
M00644_P00424,6.024703331675912
M00644_P00425,6.302503378435009
M00644_P00426,0.0
M00644_P00431,0.0
M00644_P00436,0.0
M00644_P00440,6.016752733471022
M00644_P00655,6.046622920912373
M00644_P00662,5.882325123016176
M00644_P00666,6.262557412727115
M00644_P00668,5.883943051620708
M00644_P00669,0.0
M00644_P00673,6.148743146818814
M00644_P00674,0.0
M00645_P00108,0.0
M00645_P00110,5.838443109784555
M00645_P00114,7.011449976204889
M00645_P00124,0.0
M00645_P00129,0.0
M00645_P00965,6.325317878803913
M00645_P00966,0.0
M00645_P00975,7.331656457862178
M00645_P00978,6.896045848363126
M00645_P00980,0.0
M00645_P00986,7.0126295933777785
M00646_P00574,0.0
M00646_P00579,0.0
M00646_P00582,0.0
M00646_P00584,0.0
M00646_P00586,5.875147381133783
M00646_P00590,6.7555216466175105
M00646_P01177,0.0
M00646_P01182,0.0
M00646_P01184,6.032319847868897
M00646_P01193,6.046597158102659
M00646_P01196,0.0
M00647_P00108,0.0
M00647_P00110,0.0
M00647_P00114,0.0
M00647_P00124,6.3268470292321135
M00647_P00129,6.050438864206213
M00647_P00807,0.0
M00647_P00812,0.0
M00647_P00819,0.0
M00647_P00826,6.2332409467452985
M00647_P00827,6.6195556388694925
M00648_P00287,6.029550727972849
M00648_P00290,6.020292133076017
M00648_P00291,6.036758468654137
M00648_P00295,0.0
M00648_P00297,0.0
M00648_P00298,0.0
M00648_P00299,0.0
M00648_P00304,6.040639066731846
M00648_P00307,6.375764996938496
M00648_P00309,6.3706406090931385
M00648_P00310,6.393170579773524
M00648_P00678,0.0
M00648_P00679,6.9949186231461855
M00648_P00680,5.90878091644826
M00648_P00681,5.892416630162579
M00648_P00683,6.214309995614527
M00648_P00694,6.201336909187587
M00649_P01070,5.8417753807948465
M00649_P01074,6.312882419704941
M00649_P01082,5.965172933461473
M00649_P01223,5.887168163111674
M00649_P01234,6.74846805839421
M00649_P01236,5.895648193210734
M00649_P01241,6.275894789582931
M00649_P01242,5.8563180197344105
M00650_P00611,0.0
M00650_P00618,6.684640681653791
M00650_P00619,0.0
M00650_P00622,0.0
M00650_P00655,0.0
M00650_P00662,0.0
M00650_P00666,6.167483866083943
M00650_P00668,5.846624601842705
M00650_P00669,6.336759780538154
M00650_P00673,6.258769588207527
M00650_P00674,5.855724310123519
M00651_P00136,6.997112202205983
M00651_P00141,0.0
M00651_P00148,0.0
M00651_P00156,0.0
M00651_P00625,0.0
M00651_P00630,0.0
M00651_P00632,6.234601518309757
M00651_P00635,6.217114897393681
M00651_P00644,6.247048267362592
M00651_P00645,6.780428713317502
M00651_P00650,0.0
M00652_P00574,0.0
M00652_P00579,6.345815500801732
M00652_P00582,6.262384657706945
M00652_P00584,0.0
M00652_P00586,6.019591181914997
M00652_P00590,0.0
M00652_P01070,0.0
M00652_P01074,6.264577245008257
M00652_P01082,0.0
M00653_P00655,6.072239964523545
M00653_P00662,5.807380905812859
M00653_P00666,0.0
M00653_P00668,5.8498532894835975
M00653_P00669,0.0
M00653_P00673,6.3461274155415754
M00653_P00674,5.934598681156173
M00653_P00888,5.874310093178471
M00653_P00889,5.844520763508574
M00653_P00893,5.833822712578788
M00653_P00894,0.0
M00653_P00895,0.0
M00653_P00901,0.0
M00653_P00909,0.0
M00654_P00368,0.0
M00654_P00372,6.70591791102878
M00654_P00378,6.074448311329142
M00654_P00382,5.911895100891453
M00654_P00383,5.891632635494788
M00654_P01201,0.0
M00654_P01209,6.039193814318711
M00654_P01210,6.335611838801523
M00654_P01211,6.855227269934349
M00654_P01214,6.014024476045088
M00655_P00515,0.0
M00655_P00782,0.0
M00655_P00786,0.0
M00655_P00788,0.0
M00655_P00797,0.0
M00655_P00803,6.3034468959135745
M00656_P00625,6.350760462263062
M00656_P00630,0.0
M00656_P00632,6.571524684777871
M00656_P00635,6.37195325223107
M00656_P00644,6.444186564068141
M00656_P00645,7.030509901339742
M00656_P00650,6.466527470184152
M00656_P00888,5.8901259651184485
M00656_P00889,5.822113955329953
M00656_P00893,6.294723945430105
M00656_P00894,6.312989784767036
M00656_P00895,0.0
M00656_P00901,7.0649723279216055
M00656_P00909,0.0
M00657_P00574,0.0
M00657_P00579,6.053173320834154
M00657_P00582,6.321855485474317
M00657_P00584,0.0
M00657_P00586,6.013341409263667
M00657_P00590,0.0
M00657_P00761,0.0
M00657_P00772,5.838385818575371
M00658_P00313,0.0
M00658_P00324,0.0
M00658_P00329,5.852785542633013
M00658_P00333,0.0
M00658_P00334,6.1808953363235455
M00658_P01223,6.026130463588543
M00658_P01234,0.0
M00658_P01236,6.018887460128591
M00658_P01241,6.378109825443074
M00658_P01242,6.02100051514028
M00659_P00055,0.0
M00659_P00057,0.0
M00659_P00059,6.347133836271959
M00659_P00064,0.0
M00659_P00066,0.0
M00659_P00071,6.729346090902915
M00659_P00077,6.359367345137635
M00659_P01120,0.0
M00660_P00345,0.0
M00660_P00347,0.0
M00660_P00351,6.7912483615781545
M00660_P00353,6.029830316050191
M00660_P00359,6.4098447499145585
M00660_P00362,6.0226912883702175
M00660_P00391,0.0
M00660_P00399,0.0
M00660_P00410,6.261029101717994
M00660_P00416,6.266500193456341
M00661_P00055,0.0
M00661_P00057,5.7371918837631855
M00661_P00059,0.0
M00661_P00064,0.0
M00661_P00066,0.0
M00661_P00071,6.46724765160861
M00661_P00077,6.227879136305315
M00661_P00991,6.850756640008691
M00661_P00993,0.0
M00661_P00997,6.021478033013206
M00661_P01000,0.0
M00661_P01010,6.381802239162522
M00662_P00055,6.011604090194957
M00662_P00057,6.014429337877626
M00662_P00059,0.0
M00662_P00064,6.05206495384606
M00662_P00066,0.0
M00662_P00071,6.547554479491393
M00662_P00077,6.349381474910183
M00662_P00391,0.0
M00662_P00399,6.251624395727167
M00662_P00410,6.3175295726118454
M00662_P00416,0.0
M00663_P00368,6.014531663359776
M00663_P00372,0.0
M00663_P00378,6.250277102526627
M00663_P00382,0.0
M00663_P00383,0.0
M00663_P00922,6.124165583327498
M00663_P00927,0.0
M00663_P00931,5.880782351020773
M00663_P00935,0.0
M00664_P00209,5.841887339681805
M00664_P00210,0.0
M00664_P00211,0.0
M00664_P00219,0.0
M00664_P00221,0.0
M00664_P00222,0.0
M00664_P00232,0.0
M00664_P00234,7.079994117605018
M00664_P00863,0.0
M00664_P00880,0.0
M00664_P00882,0.0
M00665_P00940,0.0
M00665_P00948,0.0
M00665_P00950,6.204470816826175
M00665_P00951,6.247071451491326
M00665_P00959,0.0
M00665_P00962,0.0
M00665_P01201,6.02992800894402
M00665_P01209,5.698716282230733
M00665_P01210,6.01077248990617
M00665_P01211,7.019651812359139
M00665_P01214,0.0
M00666_P00391,0.0
M00666_P00399,6.391569735727784
M00666_P00410,0.0
M00666_P00416,0.0
M00666_P00529,0.0
M00666_P00535,5.887305852695999
M00666_P00536,0.0
M00666_P00542,5.895070347913409
M00666_P00543,6.261945129267932
M00667_P00515,6.0057677557011235
M00667_P00678,0.0
M00667_P00679,7.023917727005933
M00667_P00680,0.0
M00667_P00681,6.222185899844087
M00667_P00683,0.0
M00667_P00694,0.0
M00668_P00922,6.298247547316883
M00668_P00927,0.0
M00668_P00931,5.878573384279293
M00668_P00935,6.73976767549055
M00668_P00991,0.0
M00668_P00993,5.878454025508454
M00668_P00997,0.0
M00668_P01000,6.5805745190809635
M00668_P01010,0.0
M00669_P01041,0.0
M00669_P01042,6.010930533688093
M00669_P01048,0.0
M00669_P01049,6.966810763809657
M00669_P01051,6.207420847939647
M00669_P01055,6.015898515372563
M00669_P01063,6.01667294803722
M00669_P01064,6.073377625506945
M00669_P01146,0.0
M00669_P01157,5.827257143516368
M00669_P01166,6.240351689380017
M00669_P01169,0.0
M00670_P00079,6.482694088892768
M00670_P00082,0.0
M00670_P00087,6.065246642320854
M00670_P00097,0.0
M00670_P00102,6.011998349462225
M00670_P00611,0.0
M00670_P00618,6.220109292219339
M00670_P00619,5.8204898743141875
M00670_P00622,5.894146618291997
M00671_P00529,0.0
M00671_P00535,0.0
M00671_P00536,5.922159248395742
M00671_P00542,0.0
M00671_P00543,6.24798323898786
M00671_P00863,6.033970831616424
M00671_P00880,6.416202790956245
M00671_P00882,6.828573986456821
M00672_P00241,6.0081924101101585
M00672_P00244,6.026629728538102
M00672_P00245,6.367989840043276
M00672_P00248,6.363226288266605
M00672_P00255,0.0
M00672_P00260,7.149701177613366
M00672_P00678,0.0
M00672_P00679,0.0
M00672_P00680,5.969617914385513
M00672_P00681,5.884118743904528
M00672_P00683,6.475425844307427
M00672_P00694,6.017666657215079
M00673_P00287,6.007631810716577
M00673_P00290,0.0
M00673_P00291,0.0
M00673_P00295,0.0
M00673_P00297,0.0
M00673_P00298,0.0
M00673_P00299,6.019185456160118
M00673_P00304,6.055617320128988
M00673_P00307,6.715818970632949
M00673_P00309,0.0
M00673_P00310,6.388499940501914
M00673_P00922,6.260024303705555
M00673_P00927,0.0
M00673_P00931,5.901440759533905
M00673_P00935,6.789167913026522
M00674_P00368,0.0
M00674_P00372,6.477378512197309
M00674_P00378,6.080083434205857
M00674_P00382,0.0
M00674_P00383,5.8615188922592525
M00674_P00529,6.034150184524195
M00674_P00535,6.0110443857191616
M00674_P00536,6.019381029474476
M00674_P00542,0.0
M00674_P00543,6.791709059253558
M00675_P00079,6.669447606764336
M00675_P00082,6.276527641165713
M00675_P00087,5.876154759576897
M00675_P00097,0.0
M00675_P00102,6.357441465842372
M00675_P00761,0.0
M00675_P00772,0.0
M00676_P00678,0.0
M00676_P00679,7.014134386832808
M00676_P00680,6.042640169435382
M00676_P00681,0.0
M00676_P00683,6.249850660804396
M00676_P00694,0.0
M00676_P00940,0.0
M00676_P00948,6.549369917506194
M00676_P00950,6.634457769212065
M00676_P00951,6.387855248867537
M00676_P00959,6.014296691704398
M00676_P00962,7.073974897576637
M00677_P00391,0.0
M00677_P00399,0.0
M00677_P00410,6.715072525874237
M00677_P00416,6.285568930365413
M00677_P00625,0.0
M00677_P00630,5.901025269324649
M00677_P00632,6.232064847998802
M00677_P00635,6.251654160376964
M00677_P00644,6.2680805987050725
M00677_P00645,7.062361195686853
M00677_P00650,6.1653245526671405
M00678_P00549,0.0
M00678_P00552,0.0
M00678_P00554,6.332404253500383
M00678_P00561,7.130852691801312
M00678_P00562,0.0
M00678_P00568,6.235017482748922
M00678_P01099,0.0
M00678_P01107,5.82089239719587
M00678_P01108,6.7061661715224306
M00678_P01109,6.273424661018387
M00678_P01114,0.0
M00678_P01118,6.70649896720174
M00679_P00136,6.939700060442215
M00679_P00141,0.0
M00679_P00148,5.874467087110128
M00679_P00156,0.0
M00679_P00611,0.0
M00679_P00618,6.429394678881113
M00679_P00619,6.054810680131417
M00679_P00622,6.271255519171413
M00680_P00079,6.603978689372001
M00680_P00082,6.296600847050233
M00680_P00087,5.859877823895875
M00680_P00097,0.0
M00680_P00102,5.899769037960989
M00680_P00478,5.860894196355481
M00680_P00479,6.729694329436791
M00680_P00486,6.287498583193376
M00680_P00491,5.97465795384663
M00681_P00108,6.0099780368941955
M00681_P00110,5.850566058164421
M00681_P00114,0.0
M00681_P00124,6.338607352812578
M00681_P00129,5.906964787088096
M00681_P00345,0.0
M00681_P00347,6.322850689745243
M00681_P00351,6.583259414282074
M00681_P00353,0.0
M00681_P00359,6.369461603802538
M00681_P00362,6.03977946582383
M00682_P00345,6.0286037414549405
M00682_P00347,6.1691181501368115
M00682_P00351,6.390161782699952
M00682_P00353,6.030875399533494
M00682_P00359,0.0
M00682_P00362,0.0
M00682_P00782,0.0
M00682_P00786,0.0
M00682_P00788,6.834979767312402
M00682_P00797,6.237200608349248
M00682_P00803,0.0
M00683_P00011,5.897102328824251
M00683_P00024,0.0
M00683_P00368,5.875491364297666
M00683_P00372,6.461965277338286
M00683_P00378,0.0
M00683_P00382,5.881523316665533
M00683_P00383,5.842866241201294
M00684_P00782,0.0
M00684_P00786,5.870049870092069
M00684_P00788,0.0
M00684_P00797,0.0
M00684_P00803,0.0
M00684_P01223,5.83729596057456
M00684_P01234,0.0
M00684_P01236,5.815940665211318
M00684_P01241,0.0
M00684_P01242,5.880553357421388
M00685_P00391,0.0
M00685_P00399,6.361294517238448
M00685_P00410,6.398539626103644
M00685_P00416,6.5791574387229765
M00685_P00655,6.1616771920447535
M00685_P00662,0.0
M00685_P00666,0.0
M00685_P00668,0.0
M00685_P00669,0.0
M00685_P00673,0.0
M00685_P00674,5.902614461037627
M00686_P00478,6.023287001047299
M00686_P00479,0.0
M00686_P00486,6.465439484857472
M00686_P00491,6.024525236952639
M00686_P00655,6.2044092277833975
M00686_P00662,6.296833091540061
M00686_P00666,6.248181633129484
M00686_P00668,5.875926294158948
M00686_P00669,6.2821140291783015
M00686_P00673,6.320465606298144
M00686_P00674,0.0
M00687_P00423,6.948864129271339
M00687_P00424,0.0
M00687_P00425,6.435058415431047
M00687_P00426,0.0
M00687_P00431,0.0
M00687_P00436,6.880403497533222
M00687_P00440,0.0
M00687_P00515,0.0
M00688_P00157,0.0
M00688_P00159,5.87925154202215
M00688_P00164,6.280286347964892
M00688_P00169,5.89159809232563
M00688_P00171,6.245069388578521
M00688_P00175,0.0
M00688_P00761,6.4183124706518875
M00688_P00772,0.0
M00689_P00345,5.8617652281598085
M00689_P00347,6.179204576428407
M00689_P00351,6.259415213602621
M00689_P00353,0.0
M00689_P00359,0.0
M00689_P00362,6.199589525616001
M00689_P00529,6.029469317177696
M00689_P00535,6.002236238266634
M00689_P00536,0.0
M00689_P00542,6.009644274096708
M00689_P00543,6.2982419776938094
M00690_P00055,6.005331775862991
M00690_P00057,0.0
M00690_P00059,6.267492135417469
M00690_P00064,6.017481542092286
M00690_P00066,7.21854343610073
M00690_P00071,0.0
M00690_P00077,0.0
M00690_P00678,0.0
M00690_P00679,7.006890670930265
M00690_P00680,5.977052838945447
M00690_P00681,0.0
M00690_P00683,6.254318312737314
M00690_P00694,6.601526633923586
M00691_P00241,5.993716807534252
M00691_P00244,6.020207783794176
M00691_P00245,6.337543045137068
M00691_P00248,0.0
M00691_P00255,6.995537222792499
M00691_P00260,6.535610017840844
M00691_P01223,0.0
M00691_P01234,6.9067542536834425
M00691_P01236,0.0
M00691_P01241,6.262431228263949
M00691_P01242,0.0
M00692_P00922,0.0
M00692_P00927,5.87812788668848
M00692_P00931,5.879868168261486
M00692_P00935,0.0
M00692_P00991,0.0
M00692_P00993,5.855756648266752
M00692_P00997,5.916541531245725
M00692_P01000,0.0
M00692_P01010,6.201729598653864
M00693_P00241,5.8757493051259555
M00693_P00244,5.888034969940207
M00693_P00245,6.263662242577483
M00693_P00248,0.0
M00693_P00255,7.080078218183196
M00693_P00260,0.0
M00693_P00478,6.0262503975035795
M00693_P00479,0.0
M00693_P00486,6.403081389833845
M00693_P00491,0.0
M00694_P00368,0.0
M00694_P00372,0.0
M00694_P00378,6.107944579665399
M00694_P00382,0.0
M00694_P00383,5.829549429937656
M00694_P00655,6.2523556132366025
M00694_P00662,0.0
M00694_P00666,6.226790606636196
M00694_P00668,5.847152697457575
M00694_P00669,0.0
M00694_P00673,6.297494190121082
M00694_P00674,5.919045055261253
M00695_P00807,0.0
M00695_P00812,0.0
M00695_P00819,0.0
M00695_P00826,6.611893264289878
M00695_P00827,7.08355771960167
M00695_P00940,6.029125340288087
M00695_P00948,6.408701259979446
M00695_P00950,6.177108530212486
M00695_P00951,6.227234534116258
M00695_P00959,0.0
M00695_P00962,0.0
M00696_P00423,6.779099867734732
M00696_P00424,0.0
M00696_P00425,6.240485888091358
M00696_P00426,5.88934875616621
M00696_P00431,5.870685620909931
M00696_P00436,6.412356940677088
M00696_P00440,5.895428975441988
M00696_P00835,0.0
M00696_P00840,0.0
M00696_P00844,5.840224327969686
M00696_P00847,0.0
M00696_P00848,0.0
M00696_P00856,6.203248778810255
M00697_P00266,6.216595452995821
M00697_P00271,0.0
M00697_P00278,6.627519671073751
M00697_P00286,6.152318340664355
M00697_P00761,6.309255639940207
M00697_P00772,6.010675422995713
M00698_P00209,0.0
M00698_P00210,7.062623207305824
M00698_P00211,0.0
M00698_P00219,0.0
M00698_P00221,6.290571201816894
M00698_P00222,0.0
M00698_P00232,0.0
M00698_P00234,7.059445500716168
M00698_P00266,0.0
M00698_P00271,0.0
M00698_P00278,0.0
M00698_P00286,0.0
M00699_P00287,5.862273345426785
M00699_P00290,5.88877014597075
M00699_P00291,0.0
M00699_P00295,0.0
M00699_P00297,5.867090386383386
M00699_P00298,5.875838176591206
M00699_P00299,5.806345513038818
M00699_P00304,0.0
M00699_P00307,6.755947617560067
M00699_P00309,6.326353914273067
M00699_P00310,6.225733940085887
M00699_P00922,0.0
M00699_P00927,0.0
M00699_P00931,6.025485081086487
M00699_P00935,6.4505623086353845
M00700_P00055,5.847334683558333
M00700_P00057,0.0
M00700_P00059,6.373642871880452
M00700_P00064,5.872706921816338
M00700_P00066,7.197438915778873
M00700_P00071,0.0
M00700_P00077,6.353464962794598
M00700_P00863,5.834238266844327
M00700_P00880,0.0
M00700_P00882,6.615313306742052
M00701_P00011,6.006850549573068
M00701_P00024,6.049170372943386
M00701_P00705,0.0
M00701_P00707,6.461666485232675
M00701_P00716,0.0
M00701_P00718,7.2438150534170305
M00701_P00724,5.868987201949491
M00701_P00728,0.0
M00702_P00108,5.844351545327684
M00702_P00110,5.885052542580154
M00702_P00114,6.649929215507488
M00702_P00124,6.191678878133117
M00702_P00129,5.90052761210881
M00702_P01201,0.0
M00702_P01209,0.0
M00702_P01210,0.0
M00702_P01211,0.0
M00702_P01214,6.058478758610264
M00703_P00345,0.0
M00703_P00347,6.349723724111396
M00703_P00351,6.444910426162693
M00703_P00353,6.0422128455209405
M00703_P00359,0.0
M00703_P00362,0.0
M00703_P00863,5.897070382344941
M00703_P00880,5.895968717898634
M00703_P00882,0.0
M00704_P00079,6.514686441303484
M00704_P00082,0.0
M00704_P00087,6.036245139449943
M00704_P00097,6.334856405605531
M00704_P00102,0.0
M00704_P01041,0.0
M00704_P01042,0.0
M00704_P01048,0.0
M00704_P01049,6.974743694850818
M00704_P01051,6.222150486532723
M00704_P01055,5.825627534437939
M00704_P01063,5.866475756310609
M00704_P01064,6.232859946605056
M00705_P00807,0.0
M00705_P00812,6.966498857428021
M00705_P00819,0.0
M00705_P00826,6.318688302646417
M00705_P00827,7.06303579110909
M00705_P01099,0.0
M00705_P01107,5.834336651870281
M00705_P01108,6.855968435903645
M00705_P01109,6.37321091699969
M00705_P01114,6.240467276586555
M00705_P01118,0.0
M00706_P00888,6.012061119195218
M00706_P00889,6.015074867728867
M00706_P00893,6.043735592509081
M00706_P00894,6.302340760299322
M00706_P00895,0.0
M00706_P00901,0.0
M00706_P00909,0.0
M00706_P00940,0.0
M00706_P00948,6.242085332727014
M00706_P00950,6.267345626933666
M00706_P00951,6.170471098489457
M00706_P00959,5.87806258396126
M00706_P00962,0.0
M00707_P00032,0.0
M00707_P00044,6.70832153449952
M00707_P00045,5.909566536407515
M00707_P00050,5.895940356315075
M00707_P00052,0.0
M00707_P00888,0.0
M00707_P00889,0.0
M00707_P00893,6.004189455200746
M00707_P00894,0.0
M00707_P00895,6.362050364556036
M00707_P00901,0.0
M00707_P00909,6.4275605138066885
M00708_P00478,0.0
M00708_P00479,6.8182951089151
M00708_P00486,6.243739085115841
M00708_P00491,5.929579026813363
M00708_P00888,0.0
M00708_P00889,5.831860618921298
M00708_P00893,5.875523142542561
M00708_P00894,6.343144372873791
M00708_P00895,0.0
M00708_P00901,0.0
M00708_P00909,6.9001314185636
M00709_P00157,5.842794792080368
M00709_P00159,0.0
M00709_P00164,6.188303666244438
M00709_P00169,0.0
M00709_P00171,6.0920604104486324
M00709_P00175,6.235373432502751
M00709_P00287,6.012408281925397
M00709_P00290,0.0
M00709_P00291,0.0
M00709_P00295,7.185349771981075
M00709_P00297,6.014069341817604
M00709_P00298,6.026690145031763
M00709_P00299,6.0396533181480745
M00709_P00304,6.018482502756201
M00709_P00307,6.438365208703167
M00709_P00309,6.437652237514466
M00709_P00310,0.0
M00710_P00313,0.0
M00710_P00324,6.153641136070141
M00710_P00329,6.3040724992763835
M00710_P00333,6.370109827007029
M00710_P00334,0.0
M00710_P00391,5.990330988465679
M00710_P00399,6.355057640064455
M00710_P00410,6.4448231144940245
M00710_P00416,6.348504162059185
M00711_P00443,6.1223492707466285
M00711_P00448,5.883251316101713
M00711_P00452,5.875969827416903
M00711_P00462,0.0
M00711_P00463,6.231791578910669
M00711_P00465,6.130795801502991
M00711_P00468,0.0
M00711_P00574,0.0
M00711_P00579,0.0
M00711_P00582,6.279630327385417
M00711_P00584,0.0
M00711_P00586,0.0
M00711_P00590,0.0
M00712_P00136,0.0
M00712_P00141,6.8650679398104835
M00712_P00148,0.0
M00712_P00156,6.417602112146049
M00712_P00625,0.0
M00712_P00630,6.273928127413822
M00712_P00632,0.0
M00712_P00635,6.6919008693907385
M00712_P00644,0.0
M00712_P00645,7.369967059666801
M00712_P00650,6.401883466200019
M00713_P00391,5.879552689832402
M00713_P00399,0.0
M00713_P00410,6.190935367308755
M00713_P00416,6.115394558458061
M00713_P00940,6.017171567893566
M00713_P00948,6.367648962622031
M00713_P00950,6.229140751416394
M00713_P00951,6.063007768519566
M00713_P00959,0.0
M00713_P00962,0.0
M00714_P00515,6.1219781653812495
M00714_P01146,6.964108878639182
M00714_P01157,0.0
M00714_P01166,0.0
M00714_P01169,0.0
M00715_P00136,0.0
M00715_P00141,0.0
M00715_P00148,5.843506676212919
M00715_P00156,6.715139973592442
M00715_P00678,6.040145886701481
M00715_P00679,0.0
M00715_P00680,6.068935122535999
M00715_P00681,0.0
M00715_P00683,0.0
M00715_P00694,6.532129267146388
M00716_P00782,6.2847795235053665
M00716_P00786,0.0
M00716_P00788,0.0
M00716_P00797,6.308655614456264
M00716_P00803,0.0
M00716_P00922,0.0
M00716_P00927,6.045634329213551
M00716_P00931,0.0
M00716_P00935,6.38240145263071
M00717_P00266,6.362813057389689
M00717_P00271,0.0
M00717_P00278,6.75461699793933
M00717_P00286,6.3837669778850215
M00717_P01146,0.0
M00717_P01157,5.889101157125574
M00717_P01166,6.619224946700885
M00717_P01169,5.902370379522258
M00718_P00705,5.839486820964181
M00718_P00707,6.306578762711057
M00718_P00716,0.0
M00718_P00718,6.526301345545992
M00718_P00724,5.906987847845345
M00718_P00728,0.0
M00718_P01099,0.0
M00718_P01107,5.9016762613001905
M00718_P01108,0.0
M00718_P01109,6.336775654352925
M00718_P01114,6.254912025976711
M00718_P01118,6.228229404286378
M00719_P00157,5.817016715250193
M00719_P00159,0.0
M00719_P00164,0.0
M00719_P00169,0.0
M00719_P00171,6.2769103561218875
M00719_P00175,0.0
M00719_P00940,5.8751710259058605
M00719_P00948,6.1927356062572105
M00719_P00950,6.18507192555624
M00719_P00951,0.0
M00719_P00959,0.0
M00719_P00962,6.779626053443423
M00720_P00345,5.879943335905767
M00720_P00347,0.0
M00720_P00351,6.207144785754184
M00720_P00353,6.242582328075111
M00720_P00359,0.0
M00720_P00362,5.871534319643002
M00720_P00368,0.0
M00720_P00372,0.0
M00720_P00378,0.0
M00720_P00382,5.857411720467118
M00720_P00383,5.892960298492296
M00721_P00055,0.0
M00721_P00057,5.877149725937468
M00721_P00059,6.265207730558871
M00721_P00064,5.899079217913754
M00721_P00066,0.0
M00721_P00071,6.35655741901393
M00721_P00077,6.346028235447278
M00721_P00443,6.3058482498182995
M00721_P00448,6.0301537470224
M00721_P00452,0.0
M00721_P00462,6.685534077608923
M00721_P00463,6.363173240562627
M00721_P00465,0.0
M00721_P00468,6.355519634175661
M00722_P00888,0.0
M00722_P00889,6.018102236693665
M00722_P00893,0.0
M00722_P00894,6.394690671026795
M00722_P00895,6.326267096193235
M00722_P00901,7.354545734031728
M00722_P00909,0.0
M00722_P00965,6.264659210050359
M00722_P00966,5.890021520699243
M00722_P00975,6.69137395445393
M00722_P00978,6.7241130465584975
M00722_P00980,5.964567910611732
M00722_P00986,7.293344607487422
M00723_P00287,5.852462575632359
M00723_P00290,5.848344483310009
M00723_P00291,0.0
M00723_P00295,0.0
M00723_P00297,0.0
M00723_P00298,0.0
M00723_P00299,0.0
M00723_P00304,5.880404353518804
M00723_P00307,0.0
M00723_P00309,6.140681400098194
M00723_P00310,0.0
M00723_P00549,5.864257336349511
M00723_P00552,5.836200615093714
M00723_P00554,6.191331610460358
M00723_P00561,6.962806576195794
M00723_P00562,5.884320955000496
M00723_P00568,0.0
M00724_P00241,6.383413694069035
M00724_P00244,0.0
M00724_P00245,0.0
M00724_P00248,6.333341299059628
M00724_P00255,0.0
M00724_P00260,0.0
M00724_P00965,0.0
M00724_P00966,0.0
M00724_P00975,6.897950170712297
M00724_P00978,0.0
M00724_P00980,6.300298832522998
M00724_P00986,6.737406212762225
M00725_P00108,0.0
M00725_P00110,0.0
M00725_P00114,6.878941132634408
M00725_P00124,6.21477495388904
M00725_P00129,5.886615142081805
M00725_P00529,6.0302760409548615
M00725_P00535,6.031873874029003
M00725_P00536,6.044029050450774
M00725_P00542,6.1789541292406565
M00725_P00543,0.0
M00726_P00625,0.0
M00726_P00630,0.0
M00726_P00632,6.214350959149953
M00726_P00635,6.239991971322855
M00726_P00644,6.401632399438277
M00726_P00645,7.1471526589419065
M00726_P00650,0.0
M00726_P00940,0.0
M00726_P00948,6.243883374198801
M00726_P00950,6.178378195567227
M00726_P00951,0.0
M00726_P00959,0.0
M00726_P00962,7.005794765703094
M00727_P00209,0.0
M00727_P00210,0.0
M00727_P00211,5.87996214021168
M00727_P00219,0.0
M00727_P00221,6.420492313433293
M00727_P00222,0.0
M00727_P00232,5.892788223485391
M00727_P00234,7.02248259882601
M00727_P00625,0.0
M00727_P00630,0.0
M00727_P00632,6.5465220966010484
M00727_P00635,0.0
M00727_P00644,6.444710754336848
M00727_P00645,6.8257733887033325
M00727_P00650,0.0
M00728_P00574,0.0
M00728_P00579,0.0
M00728_P00582,6.251683254357492
M00728_P00584,6.193892745955346
M00728_P00586,5.880723025845721
M00728_P00590,0.0
M00728_P00835,0.0
M00728_P00840,6.016220276538652
M00728_P00844,0.0
M00728_P00847,0.0
M00728_P00848,0.0
M00728_P00856,6.44044748906777
M00729_P00368,5.891431247603381
M00729_P00372,6.272099317211228
M00729_P00378,6.06711210158289
M00729_P00382,0.0
M00729_P00383,5.850163887280108
M00729_P00705,0.0
M00729_P00707,6.389781664584639
M00729_P00716,6.3721905354832975
M00729_P00718,6.826256466869239
M00729_P00724,6.031178056573363
M00729_P00728,0.0
M00730_P00991,0.0
M00730_P00993,6.0244133241920785
M00730_P00997,6.010291598431263
M00730_P01000,0.0
M00730_P01010,6.494122072482963
M00730_P01041,0.0
M00730_P01042,5.874310617479895
M00730_P01048,5.914638568046907
M00730_P01049,0.0
M00730_P01051,6.265934387207409
M00730_P01055,0.0
M00730_P01063,5.852124676939311
M00730_P01064,0.0
M00731_P00032,0.0
M00731_P00044,0.0
M00731_P00045,6.063733465057384
M00731_P00050,5.861829301712184
M00731_P00052,0.0
M00731_P00529,6.051896133818006
M00731_P00535,0.0
M00731_P00536,0.0
M00731_P00542,0.0
M00731_P00543,6.382938697224517
M00732_P00732,5.849093157237425
M00732_P00738,5.858940485211928
M00732_P00742,6.27760265470535
M00732_P00744,0.0
M00732_P00747,7.050124359135882
M00732_P00753,0.0
M00732_P00835,0.0
M00732_P00840,0.0
M00732_P00844,0.0
M00732_P00847,6.008382225264761
M00732_P00848,6.034929330158236
M00732_P00856,6.397963425843536
M00733_P00625,0.0
M00733_P00630,5.894654729110017
M00733_P00632,0.0
M00733_P00635,0.0
M00733_P00644,0.0
M00733_P00645,6.9695827172389375
M00733_P00650,6.03486803453492
M00733_P00922,0.0
M00733_P00927,0.0
M00733_P00931,0.0
M00733_P00935,6.666351167493067
M00734_P00965,0.0
M00734_P00966,0.0
M00734_P00975,6.55998815371279
M00734_P00978,6.768224104069816
M00734_P00980,0.0
M00734_P00986,6.935408139956156
M00734_P01120,6.034107113301133
M00735_P00136,7.118501139482718
M00735_P00141,6.892996524446143
M00735_P00148,5.888868944818341
M00735_P00156,0.0
M00735_P01041,0.0
M00735_P01042,0.0
M00735_P01048,0.0
M00735_P01049,0.0
M00735_P01051,6.484477159907556
M00735_P01055,0.0
M00735_P01063,5.894392236931668
M00735_P01064,0.0
M00736_P00108,0.0
M00736_P00110,6.0157927737724535
M00736_P00114,6.927131112713682
M00736_P00124,6.3527064303893646
M00736_P00129,0.0
M00736_P01177,6.633495312052818
M00736_P01182,5.8738252986034105
M00736_P01184,0.0
M00736_P01193,6.305166455404129
M00736_P01196,6.182448558633746
M00737_P00241,0.0
M00737_P00244,5.89549731345451
M00737_P00245,6.303555242331278
M00737_P00248,6.247400423491965
M00737_P00255,7.214046072484033
M00737_P00260,0.0
M00737_P00655,6.1041920328872346
M00737_P00662,0.0
M00737_P00666,6.258174252527985
M00737_P00668,5.870474728398031
M00737_P00669,0.0
M00737_P00673,6.211383831340291
M00737_P00674,5.9228436555401744
M00738_P00625,0.0
M00738_P00630,6.234899120635791
M00738_P00632,6.410249133859164
M00738_P00635,6.3436392707872615
M00738_P00644,6.545859094267225
M00738_P00645,7.080805369971012
M00738_P00650,0.0
M00738_P01223,0.0
M00738_P01234,6.804330222492142
M00738_P01236,5.801272501559708
M00738_P01241,0.0
M00738_P01242,5.816849841226175
M00739_P00136,7.02613180112152
M00739_P00141,7.126663862084554
M00739_P00148,5.875431331484699
M00739_P00156,0.0
M00739_P00157,0.0
M00739_P00159,0.0
M00739_P00164,0.0
M00739_P00169,5.772402251221755
M00739_P00171,6.349477172467581
M00739_P00175,0.0
M00740_P00611,0.0
M00740_P00618,0.0
M00740_P00619,5.877982217786114
M00740_P00622,0.0
M00740_P00732,5.893339046519254
M00740_P00738,5.936695074197747
M00740_P00742,6.179740161132796
M00740_P00744,0.0
M00740_P00747,0.0
M00740_P00753,0.0
M00741_P00157,0.0
M00741_P00159,0.0
M00741_P00164,6.41362861210688
M00741_P00169,0.0
M00741_P00171,6.215591637030883
M00741_P00175,6.318108479129936
M00741_P00241,6.015923360933718
M00741_P00244,6.018780274525535
M00741_P00245,6.377763804105546
M00741_P00248,0.0
M00741_P00255,7.1718317655218105
M00741_P00260,0.0
M00742_P00705,6.012884684451806
M00742_P00707,6.663861616602608
M00742_P00716,6.4259669013575005
M00742_P00718,0.0
M00742_P00724,0.0
M00742_P00728,0.0
M00742_P00761,6.216079924595934
M00742_P00772,5.876930418220265
M00743_P00032,0.0
M00743_P00044,0.0
M00743_P00045,5.88053073829615
M00743_P00050,5.894963594919473
M00743_P00052,6.335618774219671
M00743_P00157,0.0
M00743_P00159,0.0
M00743_P00164,0.0
M00743_P00169,0.0
M00743_P00171,0.0
M00743_P00175,0.0
M00744_P00136,0.0
M00744_P00141,0.0
M00744_P00148,0.0
M00744_P00156,0.0
M00744_P00922,0.0
M00744_P00927,5.846895949763906
M00744_P00931,5.875940600541247
M00744_P00935,6.37746797014963
M00745_P00011,5.868937815871122
M00745_P00024,0.0
M00745_P00625,6.311798520589835
M00745_P00630,6.28151492138796
M00745_P00632,6.2228425513832715
M00745_P00635,0.0
M00745_P00644,0.0
M00745_P00645,7.020177308882521
M00745_P00650,6.397859110970646
M00746_P00136,0.0
M00746_P00141,6.983279299558717
M00746_P00148,6.016839283685189
M00746_P00156,6.294860289356809
M00746_P00625,0.0
M00746_P00630,5.842213007919626
M00746_P00632,6.354911177209649
M00746_P00635,6.185350034314702
M00746_P00644,0.0
M00746_P00645,6.685671608511822
M00746_P00650,6.162367975510689
M00747_P00863,5.892402216409302
M00747_P00880,6.279639213454064
M00747_P00882,0.0
M00747_P00940,6.0510723280301715
M00747_P00948,6.360766802283021
M00747_P00950,0.0
M00747_P00951,0.0
M00747_P00959,0.0
M00747_P00962,6.908721428020926
M00748_P00209,0.0
M00748_P00210,6.879140739501865
M00748_P00211,0.0
M00748_P00219,6.019587179571411
M00748_P00221,0.0
M00748_P00222,0.0
M00748_P00232,6.551981244568014
M00748_P00234,7.655245364992574
M00748_P00266,6.27115122912096
M00748_P00271,6.274238031414509
M00748_P00278,6.979931096237972
M00748_P00286,6.354679499504805
M00749_P00443,0.0
M00749_P00448,0.0
M00749_P00452,0.0
M00749_P00462,0.0
M00749_P00463,0.0
M00749_P00465,0.0
M00749_P00468,6.532502208767256
M00749_P00835,0.0
M00749_P00840,5.837831655744827
M00749_P00844,0.0
M00749_P00847,5.980281520940294
M00749_P00848,0.0
M00749_P00856,6.2368553299821246
M00750_P00266,6.200011858939205
M00750_P00271,6.203833907623957
M00750_P00278,6.7616700089188395
M00750_P00286,0.0
M00750_P00732,0.0
M00750_P00738,6.061096897304526
M00750_P00742,6.3373623036999245
M00750_P00744,6.03832703471504
M00750_P00747,7.269035980529207
M00750_P00753,0.0
M00751_P00515,5.921055487591109
M00751_P00807,0.0
M00751_P00812,7.079803127950111
M00751_P00819,6.403025533284059
M00751_P00826,6.645965357445004
M00751_P00827,6.848593346207643
M00752_P00423,0.0
M00752_P00424,5.883541843953273
M00752_P00425,6.1664214348079325
M00752_P00426,0.0
M00752_P00431,5.888807424297868
M00752_P00436,0.0
M00752_P00440,0.0
M00752_P00611,0.0
M00752_P00618,6.685235968124648
M00752_P00619,6.021554565826318
M00752_P00622,6.061591024024633
M00753_P00991,0.0
M00753_P00993,6.022255252357749
M00753_P00997,0.0
M00753_P01000,6.371253637829564
M00753_P01010,6.517985812531671
M00753_P01041,0.0
M00753_P01042,5.8637480202142
M00753_P01048,0.0
M00753_P01049,6.954996129611419
M00753_P01051,6.283559912037008
M00753_P01055,6.279813049423917
M00753_P01063,0.0
M00753_P01064,5.811876231067281
M00754_P00157,5.996968970437151
M00754_P00159,0.0
M00754_P00164,0.0
M00754_P00169,0.0
M00754_P00171,6.3864404357508855
M00754_P00175,6.660269685948175
M00754_P00241,5.88681147508737
M00754_P00244,0.0
M00754_P00245,6.310078560778924
M00754_P00248,6.251232167170791
M00754_P00255,7.017691017272856
M00754_P00260,6.780909567493199
M00755_P00549,0.0
M00755_P00552,5.862513829107379
M00755_P00554,6.245711158577609
M00755_P00561,0.0
M00755_P00562,5.874623501818894
M00755_P00568,5.8868865207090515
M00755_P00655,6.284431270452887
M00755_P00662,6.378067728921659
M00755_P00666,6.37955952734111
M00755_P00668,6.008900070083067
M00755_P00669,6.3459277045698546
M00755_P00673,6.71673877058689
M00755_P00674,0.0
M00756_P00549,0.0
M00756_P00552,0.0
M00756_P00554,0.0
M00756_P00561,7.3588869713126055
M00756_P00562,5.861825597940472
M00756_P00568,0.0
M00756_P00761,6.310776227134897
M00756_P00772,6.0317006841516445
M00757_P00991,0.0
M00757_P00993,0.0
M00757_P00997,0.0
M00757_P01000,0.0
M00757_P01010,6.309079321537675
M00757_P01070,0.0
M00757_P01074,0.0
M00757_P01082,0.0
M00758_P00529,6.030306289842624
M00758_P00535,0.0
M00758_P00536,6.016375319465514
M00758_P00542,0.0
M00758_P00543,0.0
M00758_P01020,0.0
M00758_P01034,5.853387904951822
M00758_P01037,0.0
M00758_P01038,6.168107194886805
M00759_P00529,6.053051225489565
M00759_P00535,6.014017794333698
M00759_P00536,6.027142327260082
M00759_P00542,0.0
M00759_P00543,0.0
M00759_P00782,0.0
M00759_P00786,0.0
M00759_P00788,6.568827476499345
M00759_P00797,0.0
M00759_P00803,0.0
M00760_P00478,0.0
M00760_P00479,6.840353155807366
M00760_P00486,6.376099315524734
M00760_P00491,6.02439998885233
M00760_P00529,0.0
M00760_P00535,5.829012684588064
M00760_P00536,5.8569744395720384
M00760_P00542,5.882039380201023
M00760_P00543,6.315218046053483
M00761_P00391,0.0
M00761_P00399,6.252501548637566
M00761_P00410,0.0
M00761_P00416,0.0
M00761_P00940,6.04405341487904
M00761_P00948,0.0
M00761_P00950,6.294770673372093
M00761_P00951,0.0
M00761_P00959,6.016127969319131
M00761_P00962,0.0
M00762_P00443,0.0
M00762_P00448,0.0
M00762_P00452,6.022995848644955
M00762_P00462,6.433286749885374
M00762_P00463,6.514892245301253
M00762_P00465,6.3500031948512765
M00762_P00468,6.4543437105086285
M00762_P00678,0.0
M00762_P00679,6.666229672377943
M00762_P00680,5.935325413884162
M00762_P00681,5.906770026653773
M00762_P00683,0.0
M00762_P00694,0.0
M00763_P00313,0.0
M00763_P00324,6.233717655887326
M00763_P00329,5.86097563002608
M00763_P00333,0.0
M00763_P00334,0.0
M00763_P00940,0.0
M00763_P00948,0.0
M00763_P00950,5.980133742579839
M00763_P00951,0.0
M00763_P00959,5.899402628076892
M00763_P00962,6.893628278727915
M00764_P00922,0.0
M00764_P00927,5.858080047140667
M00764_P00931,5.954520164542
M00764_P00935,6.24136249626167
M00764_P01120,5.883737494170833
M00765_P00345,6.021992513795323
M00765_P00347,0.0
M00765_P00351,0.0
M00765_P00353,5.842427161036182
M00765_P00359,6.27064490940694
M00765_P00362,0.0
M00765_P01177,6.26666544055917
M00765_P01182,5.847779955618085
M00765_P01184,0.0
M00765_P01193,6.360719385451684
M00765_P01196,6.232729200981096
M00766_P00108,0.0
M00766_P00110,0.0
M00766_P00114,7.001308982013221
M00766_P00124,6.478322309263517
M00766_P00129,5.8356402653634225
M00766_P01146,7.081786691884723
M00766_P01157,6.02024114915381
M00766_P01166,6.557265803233486
M00766_P01169,6.226667298646174
M00767_P00807,0.0
M00767_P00812,6.8426550057620625
M00767_P00819,0.0
M00767_P00826,6.207683790586617
M00767_P00827,7.119543500576454
M00767_P01120,0.0
M00768_P00391,0.0
M00768_P00399,6.233041535665978
M00768_P00410,6.653709126623142
M00768_P00416,0.0
M00768_P00443,0.0
M00768_P00448,5.8333531742709965
M00768_P00452,0.0
M00768_P00462,6.676104589319969
M00768_P00463,6.259049527603456
M00768_P00465,6.234133617206809
M00768_P00468,6.281077790712669
M00769_P00705,0.0
M00769_P00707,6.34259626503831
M00769_P00716,6.426808868165319
M00769_P00718,0.0
M00769_P00724,6.061571018904618
M00769_P00728,6.4489462263564015
M00769_P01177,0.0
M00769_P01182,5.9011836349296285
M00769_P01184,5.898548298401207
M00769_P01193,5.888694234433473
M00769_P01196,6.122516020783817
M00770_P00108,0.0
M00770_P00110,6.018763362184035
M00770_P00114,0.0
M00770_P00124,0.0
M00770_P00129,6.030564294595865
M00770_P00761,0.0
M00770_P00772,5.853998069345323
M00771_P00655,0.0
M00771_P00662,0.0
M00771_P00666,6.379151992912658
M00771_P00668,6.356441746164303
M00771_P00669,6.380396241210749
M00771_P00673,6.452991071324393
M00771_P00674,6.340841891781924
M00771_P00965,0.0
M00771_P00966,5.884619547121502
M00771_P00975,6.484535394611917
M00771_P00978,6.804304101929042
M00771_P00980,0.0
M00771_P00986,0.0
M00772_P00055,0.0
M00772_P00057,5.863099854275653
M00772_P00059,6.259933232891956
M00772_P00064,0.0
M00772_P00066,0.0
M00772_P00071,6.56765870612071
M00772_P00077,0.0
M00772_P00888,0.0
M00772_P00889,0.0
M00772_P00893,5.841177657517586
M00772_P00894,6.343673364849065
M00772_P00895,6.213948713736267
M00772_P00901,7.116634777224701
M00772_P00909,6.323217600442193
M00773_P00888,5.893883856277935
M00773_P00889,5.888062996937862
M00773_P00893,5.780004629639685
M00773_P00894,6.183649962884255
M00773_P00895,6.202565413988392
M00773_P00901,0.0
M00773_P00909,6.277165298450221
M00773_P01146,0.0
M00773_P01157,6.021952518802222
M00773_P01166,0.0
M00773_P01169,0.0
M00774_P00157,0.0
M00774_P00159,5.890164283198711
M00774_P00164,0.0
M00774_P00169,6.196295912377984
M00774_P00171,0.0
M00774_P00175,6.216195075956668
M00774_P00423,6.47673641497925
M00774_P00424,5.8169281877110475
M00774_P00425,0.0
M00774_P00426,0.0
M00774_P00431,5.880384906445107
M00774_P00436,6.296671890340715
M00774_P00440,5.891884727561988
M00775_P00266,0.0
M00775_P00271,6.4700654579978085
M00775_P00278,6.985226327640067
M00775_P00286,0.0
M00775_P01099,6.288627007631948
M00775_P01107,0.0
M00775_P01108,6.828873761054581
M00775_P01109,6.238879625647468
M00775_P01114,6.28325504894963
M00775_P01118,6.304916492087848
M00776_P00940,5.876582130364479
M00776_P00948,6.2075638090499
M00776_P00950,6.227685554378355
M00776_P00951,6.216702807226405
M00776_P00959,0.0
M00776_P00962,6.983201451989405
M00776_P01099,0.0
M00776_P01107,5.838982198449544
M00776_P01108,0.0
M00776_P01109,0.0
M00776_P01114,0.0
M00776_P01118,6.568301353199375
M00777_P00549,6.008382116710744
M00777_P00552,6.0195846528231804
M00777_P00554,0.0
M00777_P00561,0.0
M00777_P00562,6.041383866176851
M00777_P00568,6.000373925594527
M00777_P00732,5.822488699126009
M00777_P00738,0.0
M00777_P00742,0.0
M00777_P00744,5.810524796841366
M00777_P00747,6.954978275892253
M00777_P00753,6.249949166414754
M00778_P00157,0.0
M00778_P00159,5.885472150071141
M00778_P00164,6.306501013905198
M00778_P00169,0.0
M00778_P00171,0.0
M00778_P00175,6.230099376827784
M00778_P00443,6.335226636002871
M00778_P00448,6.05533827388885
M00778_P00452,0.0
M00778_P00462,0.0
M00778_P00463,6.749525067125267
M00778_P00465,0.0
M00778_P00468,6.375303082503353
M00779_P00611,5.892926203767777
M00779_P00618,0.0
M00779_P00619,5.917512077419027
M00779_P00622,6.2618223477439585
M00779_P00732,6.018916836405107
M00779_P00738,6.053216524130152
M00779_P00742,0.0
M00779_P00744,0.0
M00779_P00747,7.07649337200346
M00779_P00753,6.076520053354337
M00780_P00965,6.246592166545054
M00780_P00966,0.0
M00780_P00975,6.804663846801466
M00780_P00978,0.0
M00780_P00980,0.0
M00780_P00986,6.944870469623064
M00780_P01120,0.0
M00781_P00032,6.941775119044852
M00781_P00044,0.0
M00781_P00045,5.942018260043109
M00781_P00050,5.828195514991839
M00781_P00052,6.299175322752426
M00781_P00574,0.0
M00781_P00579,0.0
M00781_P00582,6.339278966529365
M00781_P00584,6.339133852113168
M00781_P00586,0.0
M00781_P00590,6.787512998776403
M00782_P00478,0.0
M00782_P00479,6.747779935655042
M00782_P00486,0.0
M00782_P00491,0.0
M00782_P00705,0.0
M00782_P00707,0.0
M00782_P00716,6.337451229783162
M00782_P00718,6.820524272315734
M00782_P00724,0.0
M00782_P00728,0.0
M00783_P00241,0.0
M00783_P00244,5.878225110378354
M00783_P00245,6.237949925208723
M00783_P00248,0.0
M00783_P00255,7.473430719592611
M00783_P00260,6.816934365540963
M00783_P01201,6.025709758345524
M00783_P01209,6.002469649756755
M00783_P01210,0.0
M00783_P01211,6.904277374515239
M00783_P01214,6.021407954254188
M00784_P00549,0.0
M00784_P00552,5.856490569426791
M00784_P00554,0.0
M00784_P00561,7.204482152603714
M00784_P00562,5.905006909249579
M00784_P00568,5.898246774368449
M00784_P00782,6.367905407258901
M00784_P00786,6.054632412100741
M00784_P00788,0.0
M00784_P00797,6.32933929347211
M00784_P00803,0.0
M00785_P00782,6.239385487662183
M00785_P00786,5.901272868271145
M00785_P00788,6.541461328694111
M00785_P00797,6.291698107048585
M00785_P00803,0.0
M00785_P00863,6.021853409674332
M00785_P00880,6.3874148579316525
M00785_P00882,0.0
M00786_P00157,0.0
M00786_P00159,6.027412073740638
M00786_P00164,0.0
M00786_P00169,6.0246882103806
M00786_P00171,6.733699490569169
M00786_P00175,0.0
M00786_P00761,6.486835041426684
M00786_P00772,5.857016162784554
M00787_P00108,0.0
M00787_P00110,6.021543825383542
M00787_P00114,0.0
M00787_P00124,0.0
M00787_P00129,0.0
M00787_P00529,5.879464869519521
M00787_P00535,5.925821064579952
M00787_P00536,0.0
M00787_P00542,0.0
M00787_P00543,6.156155182851933
M00788_P00185,5.842096695679649
M00788_P00193,0.0
M00788_P00197,0.0
M00788_P00199,5.845677906136627
M00788_P00200,5.891082005937309
M00788_P01177,0.0
M00788_P01182,0.0
M00788_P01184,0.0
M00788_P01193,6.170272072625697
M00788_P01196,6.4121691157807446
M00789_P00157,0.0
M00789_P00159,5.859007782078836
M00789_P00164,0.0
M00789_P00169,0.0
M00789_P00171,6.504444428865143
M00789_P00175,0.0
M00789_P01070,6.014210166954176
M00789_P01074,6.541518505960579
M00789_P01082,0.0
M00790_P00391,0.0
M00790_P00399,6.372530544398589
M00790_P00410,0.0
M00790_P00416,0.0
M00790_P01223,0.0
M00790_P01234,6.814469927953772
M00790_P01236,0.0
M00790_P01241,0.0
M00790_P01242,5.845329428628307
M00791_P00266,0.0
M00791_P00271,0.0
M00791_P00278,6.766852254364556
M00791_P00286,0.0
M00791_P00922,6.259109771968748
M00791_P00927,5.843107749025616
M00791_P00931,5.862938047133879
M00791_P00935,6.263603006320543
M00792_P00368,5.844168816613108
M00792_P00372,6.530014871989283
M00792_P00378,0.0
M00792_P00382,0.0
M00792_P00383,0.0
M00792_P00761,6.36612718498846
M00792_P00772,6.0157615313687485
M00793_P00287,0.0
M00793_P00290,0.0
M00793_P00291,5.826683074581592
M00793_P00295,6.76713509258011
M00793_P00297,0.0
M00793_P00298,5.873842650880842
M00793_P00299,0.0
M00793_P00304,6.022097809605868
M00793_P00307,6.265919579388034
M00793_P00309,0.0
M00793_P00310,6.240614131812733
M00793_P01070,6.041441238338514
M00793_P01074,6.351695914729219
M00793_P01082,0.0
M00794_P00032,6.651498436413627
M00794_P00044,6.8284866503959245
M00794_P00045,0.0
M00794_P00050,0.0
M00794_P00052,6.231433699015904
M00794_P00655,0.0
M00794_P00662,0.0
M00794_P00666,0.0
M00794_P00668,5.845350511373689
M00794_P00669,0.0
M00794_P00673,0.0
M00794_P00674,5.881883268435732
M00795_P00732,6.029269746474279
M00795_P00738,6.049357540357851
M00795_P00742,6.370206885213969
M00795_P00744,6.033795203272507
M00795_P00747,0.0
M00795_P00753,6.0315260040028935
M00795_P00991,0.0
M00795_P00993,5.8392292117302595
M00795_P00997,0.0
M00795_P01000,6.256214428231624
M00795_P01010,6.200490049799644
M00796_P00011,6.011291428154131
M00796_P00024,6.025498511863436
M00796_P01201,5.910592545737257
M00796_P01209,5.878135639000575
M00796_P01210,0.0
M00796_P01211,0.0
M00796_P01214,5.8924779822983
M00797_P00443,0.0
M00797_P00448,0.0
M00797_P00452,6.021417610890048
M00797_P00462,6.4237612799089945
M00797_P00463,6.701747804067297
M00797_P00465,6.579411620712446
M00797_P00468,6.40089373082686
M00797_P01201,5.883207779414451
M00797_P01209,6.003724961813417
M00797_P01210,5.866634373437836
M00797_P01211,7.062831092235887
M00797_P01214,6.253430792991618
M00798_P00157,0.0
M00798_P00159,6.0417988624005305
M00798_P00164,6.331812901418787
M00798_P00169,0.0
M00798_P00171,6.873811474509287
M00798_P00175,0.0
M00798_P00940,5.875861058816882
M00798_P00948,0.0
M00798_P00950,0.0
M00798_P00951,6.300915559742872
M00798_P00959,5.895040415321431
M00798_P00962,0.0
M00799_P00529,0.0
M00799_P00535,6.031792156402251
M00799_P00536,6.0529034114987725
M00799_P00542,6.047477491764059
M00799_P00543,6.4179703420939305
M00799_P00611,5.976708000336394
M00799_P00618,0.0
M00799_P00619,0.0
M00799_P00622,6.000732331969989
M00800_P00185,0.0
M00800_P00193,6.3253907992895995
M00800_P00197,0.0
M00800_P00199,6.022165347944547
M00800_P00200,6.007195107043617
M00800_P00443,0.0
M00800_P00448,5.775184098498941
M00800_P00452,0.0
M00800_P00462,6.214200420144009
M00800_P00463,6.676118539328498
M00800_P00465,0.0
M00800_P00468,6.145468932961339
M00801_P00863,5.907948587995289
M00801_P00880,6.268757996371378
M00801_P00882,0.0
M00801_P01070,0.0
M00801_P01074,6.351687403520662
M00801_P01082,6.0117346669128855
M00802_P00655,6.154873588584524
M00802_P00662,5.886071315463686
M00802_P00666,0.0
M00802_P00668,0.0
M00802_P00669,6.258755252010737
M00802_P00673,6.320178976609225
M00802_P00674,5.894824667618962
M00802_P01020,6.684954765134625
M00802_P01034,5.887416985080423
M00802_P01037,5.895788733251827
M00802_P01038,5.890983611555891
M00803_P00574,0.0
M00803_P00579,0.0
M00803_P00582,6.347347387207788
M00803_P00584,0.0
M00803_P00586,0.0
M00803_P00590,6.775849657440784
M00803_P00611,5.99883926200024
M00803_P00618,0.0
M00803_P00619,6.0174604901190705
M00803_P00622,6.108010314618728
M00804_P01120,6.04744925982503
M00804_P01201,0.0
M00804_P01209,5.788309272840942
M00804_P01210,5.829782304082939
M00804_P01211,6.814626721534934
M00804_P01214,5.886057111062786
M00805_P00209,0.0
M00805_P00210,7.095831189759211
M00805_P00211,0.0
M00805_P00219,5.8638266376726325
M00805_P00221,0.0
M00805_P00222,0.0
M00805_P00232,0.0
M00805_P00234,0.0
M00805_P01120,5.856349534349924
M00806_P00391,0.0
M00806_P00399,6.336264784182424
M00806_P00410,0.0
M00806_P00416,6.44453359631728
M00806_P00529,0.0
M00806_P00535,5.883258981668864
M00806_P00536,5.883437251766111
M00806_P00542,0.0
M00806_P00543,6.274060150289256
M00807_P00611,0.0
M00807_P00618,0.0
M00807_P00619,0.0
M00807_P00622,6.057162129264819
M00807_P01177,6.3804092683035405
M00807_P01182,5.873951099472965
M00807_P01184,5.882077447703313
M00807_P01193,0.0
M00807_P01196,6.673021414255694
M00808_P00678,0.0
M00808_P00679,6.801751961330154
M00808_P00680,0.0
M00808_P00681,5.886207952927465
M00808_P00683,6.247672300366243
M00808_P00694,6.245060915342155
M00808_P01020,0.0
M00808_P01034,5.839826443268947
M00808_P01037,0.0
M00808_P01038,0.0
M00809_P00287,0.0
M00809_P00290,5.854399821199247
M00809_P00291,5.880603360627623
M00809_P00295,0.0
M00809_P00297,0.0
M00809_P00298,5.978756869659129
M00809_P00299,5.878274945511747
M00809_P00304,5.886683371087054
M00809_P00307,6.754907143810105
M00809_P00309,0.0
M00809_P00310,6.262920844942893
M00809_P00705,0.0
M00809_P00707,6.3239446111447775
M00809_P00716,0.0
M00809_P00718,6.973460000556493
M00809_P00724,6.203087927388509
M00809_P00728,0.0
M00810_P00266,0.0
M00810_P00271,0.0
M00810_P00278,6.925440848121918
M00810_P00286,6.334671835807618
M00810_P00922,6.2353268629890275
M00810_P00927,5.882133201881171
M00810_P00931,5.846806389350178
M00810_P00935,0.0
M00811_P00209,0.0
M00811_P00210,0.0
M00811_P00211,6.003444748471863
M00811_P00219,0.0
M00811_P00221,6.372331683438087
M00811_P00222,6.43097644674744
M00811_P00232,6.01143469420023
M00811_P00234,7.0780091774042155
M00811_P00313,0.0
M00811_P00324,6.198914369535065
M00811_P00329,5.894704962126887
M00811_P00333,6.60348168994446
M00811_P00334,6.3687342044495105
M00812_P00079,6.523832609470462
M00812_P00082,6.201900103920994
M00812_P00087,5.849915338381826
M00812_P00097,6.289992784035602
M00812_P00102,6.27428942287314
M00812_P01020,0.0
M00812_P01034,0.0
M00812_P01037,5.87663723218561
M00812_P01038,5.860461777774624
M00813_P00209,0.0
M00813_P00210,6.932156987094662
M00813_P00211,0.0
M00813_P00219,0.0
M00813_P00221,6.4329527281460495
M00813_P00222,6.31737639757063
M00813_P00232,5.887725771799195
M00813_P00234,0.0
M00813_P00807,0.0
M00813_P00812,0.0
M00813_P00819,6.018201835898448
M00813_P00826,6.262766063746841
M00813_P00827,0.0
M00814_P00835,0.0
M00814_P00840,0.0
M00814_P00844,0.0
M00814_P00847,5.890180056617279
M00814_P00848,5.879169694281222
M00814_P00856,0.0
M00814_P00922,0.0
M00814_P00927,6.015480462372203
M00814_P00931,0.0
M00814_P00935,6.427360457410418
M00815_P00678,0.0
M00815_P00679,6.632271540282158
M00815_P00680,0.0
M00815_P00681,6.230363165750966
M00815_P00683,0.0
M00815_P00694,6.24156973228788
M00815_P01146,6.723595132878322
M00815_P01157,0.0
M00815_P01166,0.0
M00815_P01169,5.898103084560351
M00816_P00732,5.832853654476756
M00816_P00738,5.865662669223627
M00816_P00742,6.150263033511027
M00816_P00744,5.998613233827565
M00816_P00747,0.0
M00816_P00753,0.0
M00816_P01177,6.373409983971974
M00816_P01182,6.01604514490551
M00816_P01184,0.0
M00816_P01193,0.0
M00816_P01196,6.372112343897668
M00817_P00136,7.015933289644246
M00817_P00141,7.089967579242011
M00817_P00148,0.0
M00817_P00156,6.254816131396459
M00817_P00965,6.346246985284475
M00817_P00966,0.0
M00817_P00975,6.584175051393561
M00817_P00978,7.3095109857425316
M00817_P00980,0.0
M00817_P00986,0.0
M00818_P00055,0.0
M00818_P00057,0.0
M00818_P00059,0.0
M00818_P00064,6.018444586746974
M00818_P00066,7.0469204885231935
M00818_P00071,6.596049252771954
M00818_P00077,6.407242973861307
M00818_P00478,5.843015366831468
M00818_P00479,0.0
M00818_P00486,0.0
M00818_P00491,5.852168532490918
M00819_P00478,6.02868103533306
M00819_P00479,0.0
M00819_P00486,0.0
M00819_P00491,6.02338453011257
M00819_P00888,0.0
M00819_P00889,5.8418750800893555
M00819_P00893,5.845659503805474
M00819_P00894,6.417368493393412
M00819_P00895,6.217279592926633
M00819_P00901,6.845621888284472
M00819_P00909,6.407629306835921
M00820_P00807,0.0
M00820_P00812,7.113653976835558
M00820_P00819,5.881204940776591
M00820_P00826,6.24282153085064
M00820_P00827,0.0
M00820_P00940,5.846622840879343
M00820_P00948,6.1389824367606165
M00820_P00950,0.0
M00820_P00951,6.261129853579646
M00820_P00959,0.0
M00820_P00962,7.134364677604955
M00821_P00185,6.010966998873709
M00821_P00193,6.344830478716175
M00821_P00197,6.015813665888365
M00821_P00199,0.0
M00821_P00200,0.0
M00821_P00940,0.0
M00821_P00948,0.0
M00821_P00950,6.182866090877203
M00821_P00951,0.0
M00821_P00959,5.89608148782034
M00821_P00962,6.7609092045229024
M00822_P00055,0.0
M00822_P00057,5.867461236453591
M00822_P00059,6.227804627419853
M00822_P00064,5.8756123412449055
M00822_P00066,7.112894828339485
M00822_P00071,6.333457948066913
M00822_P00077,6.760685572836819
M00822_P00888,6.010777382861138
M00822_P00889,6.033976465478648
M00822_P00893,6.015342891939496
M00822_P00894,0.0
M00822_P00895,6.332028996660157
M00822_P00901,7.7187936567856115
M00822_P00909,6.64167623884993
M00823_P00345,0.0
M00823_P00347,6.138764028353051
M00823_P00351,6.221319819609172
M00823_P00353,0.0
M00823_P00359,6.241257008994474
M00823_P00362,5.850790977035897
M00823_P00888,0.0
M00823_P00889,6.0122737944343045
M00823_P00893,5.9973274228914315
M00823_P00894,6.713927539451184
M00823_P00895,0.0
M00823_P00901,7.17952169156871
M00823_P00909,0.0
M00824_P01070,5.882975781859461
M00824_P01074,6.18204713368708
M00824_P01082,5.85597864284702
M00824_P01223,0.0
M00824_P01234,6.625742530143159
M00824_P01236,5.894042327052106
M00824_P01241,0.0
M00824_P01242,0.0
M00825_P00055,6.014058962195447
M00825_P00057,0.0
M00825_P00059,0.0
M00825_P00064,0.0
M00825_P00066,7.0073110144968
M00825_P00071,0.0
M00825_P00077,6.695123183470878
M00825_P00515,0.0
M00826_P00136,7.0542200997799345
M00826_P00141,6.975780374923074
M00826_P00148,6.197284371608863
M00826_P00156,0.0
M00826_P00574,0.0
M00826_P00579,6.226289585333344
M00826_P00582,0.0
M00826_P00584,6.188411281577047
M00826_P00586,5.8501196351668
M00826_P00590,6.581593576828432
M00827_P00345,0.0
M00827_P00347,6.370280815802811
M00827_P00351,6.373889630848692
M00827_P00353,0.0
M00827_P00359,0.0
M00827_P00362,6.0187410830065655
M00827_P00391,5.871217850061133
M00827_P00399,6.251013303478371
M00827_P00410,6.474841800861802
M00827_P00416,6.219931996996244
M00828_P01020,0.0
M00828_P01034,0.0
M00828_P01037,5.8499478823081645
M00828_P01038,0.0
M00828_P01177,0.0
M00828_P01182,0.0
M00828_P01184,6.017340229979665
M00828_P01193,6.5153076255368765
M00828_P01196,6.424745918521946
M00829_P00266,0.0
M00829_P00271,6.787504529303451
M00829_P00278,0.0
M00829_P00286,0.0
M00829_P01041,0.0
M00829_P01042,5.860140214315306
M00829_P01048,0.0
M00829_P01049,0.0
M00829_P01051,6.193630386402621
M00829_P01055,5.938130747634268
M00829_P01063,0.0
M00829_P01064,0.0
M00830_P00079,0.0
M00830_P00082,6.335159363262449
M00830_P00087,0.0
M00830_P00097,0.0
M00830_P00102,5.956500731626569
M00830_P00345,0.0
M00830_P00347,0.0
M00830_P00351,6.2368698306507735
M00830_P00353,0.0
M00830_P00359,6.2487178414335975
M00830_P00362,0.0
M00831_P00443,6.274078319031098
M00831_P00448,0.0
M00831_P00452,5.872941241734199
M00831_P00462,6.255340234572178
M00831_P00463,6.323458350780744
M00831_P00465,0.0
M00831_P00468,0.0
M00831_P00888,0.0
M00831_P00889,6.015006498713554
M00831_P00893,0.0
M00831_P00894,6.700678342378975
M00831_P00895,6.529464078180872
M00831_P00901,7.099552889166157
M00831_P00909,0.0
M00832_P00529,0.0
M00832_P00535,5.864862330582311
M00832_P00536,5.857113398820891
M00832_P00542,0.0
M00832_P00543,6.716505421758342
M00832_P01201,6.016563914768905
M00832_P01209,6.021353472953259
M00832_P01210,0.0
M00832_P01211,0.0
M00832_P01214,6.020451620554778
M00833_P00443,6.233717306273289
M00833_P00448,5.828097765527299
M00833_P00452,5.87680277814133
M00833_P00462,6.281248573339225
M00833_P00463,0.0
M00833_P00465,6.458543876507808
M00833_P00468,6.703811784568043
M00833_P00940,5.872347957361438
M00833_P00948,6.2609589589503996
M00833_P00950,6.132109811973587
M00833_P00951,0.0
M00833_P00959,5.8890294956607026
M00833_P00962,6.676326083170036
M00834_P00209,5.916636375827378
M00834_P00210,0.0
M00834_P00211,0.0
M00834_P00219,5.882883247715917
M00834_P00221,6.188571063666039
M00834_P00222,0.0
M00834_P00232,5.8813935765038
M00834_P00234,7.114023601282756
M00834_P00705,6.00803001043672
M00834_P00707,6.733772540826865
M00834_P00716,0.0
M00834_P00718,0.0
M00834_P00724,6.026000338838932
M00834_P00728,0.0
M00835_P00209,0.0
M00835_P00210,6.961728944578349
M00835_P00211,0.0
M00835_P00219,5.867539951703398
M00835_P00221,6.258192517239746
M00835_P00222,6.296484158992556
M00835_P00232,5.8539767793524415
M00835_P00234,7.468278609199832
M00835_P01070,5.852154173963562
M00835_P01074,0.0
M00835_P01082,5.870471030821693
M00836_P00241,0.0
M00836_P00244,5.840236541125771
M00836_P00245,6.232193307318443
M00836_P00248,0.0
M00836_P00255,7.000042445968107
M00836_P00260,6.7825238314678264
M00836_P00391,0.0
M00836_P00399,0.0
M00836_P00410,6.3078621439762514
M00836_P00416,6.359934854452643
M00837_P00391,0.0
M00837_P00399,6.351108875539689
M00837_P00410,6.509023738147326
M00837_P00416,6.32435205152876
M00837_P01146,7.094982615502488
M00837_P01157,5.812550566373853
M00837_P01166,0.0
M00837_P01169,5.824125454236173
M00838_P00241,6.014766773829791
M00838_P00244,6.019291478255757
M00838_P00245,6.32450569008756
M00838_P00248,0.0
M00838_P00255,0.0
M00838_P00260,6.906312221674051
M00838_P00965,0.0
M00838_P00966,5.892655693210558
M00838_P00975,6.7663120631923075
M00838_P00978,0.0
M00838_P00980,6.193103397421564
M00838_P00986,0.0
M00839_P00678,0.0
M00839_P00679,6.987559812573192
M00839_P00680,0.0
M00839_P00681,0.0
M00839_P00683,6.232483425594626
M00839_P00694,6.2313359646642175
M00839_P01041,0.0
M00839_P01042,0.0
M00839_P01048,0.0
M00839_P01049,7.238981408384748
M00839_P01051,6.501064496063477
M00839_P01055,6.026379434738448
M00839_P01063,0.0
M00839_P01064,0.0
M00840_P00108,6.1367846471860945
M00840_P00110,5.875550689937305
M00840_P00114,6.855671032393883
M00840_P00124,6.319627632698025
M00840_P00129,5.885883394631073
M00840_P01070,6.014632487913128
M00840_P01074,6.257850775926926
M00840_P01082,6.0412058828444355
M00841_P00655,6.460192283407148
M00841_P00662,0.0
M00841_P00666,0.0
M00841_P00668,5.884964649735043
M00841_P00669,6.307581185163665
M00841_P00673,6.822821791358816
M00841_P00674,5.847500712793034
M00841_P00863,0.0
M00841_P00880,6.263303754665199
M00841_P00882,0.0
M00842_P00611,0.0
M00842_P00618,0.0
M00842_P00619,6.243733988579177
M00842_P00622,0.0
M00842_P01146,6.946663211085404
M00842_P01157,0.0
M00842_P01166,6.394947672762251
M00842_P01169,0.0
M00843_P00529,0.0
M00843_P00535,6.0112641414185575
M00843_P00536,6.023027880506305
M00843_P00542,6.031907989953517
M00843_P00543,6.408720499569977
M00843_P00991,6.806276413591416
M00843_P00993,5.872235806219072
M00843_P00997,0.0
M00843_P01000,6.122870140100412
M00843_P01010,6.256232904930849
M00844_P00761,6.139151078740394
M00844_P00772,0.0
M00844_P01201,6.022304837082603
M00844_P01209,6.022242278091531
M00844_P01210,6.018834665350784
M00844_P01211,0.0
M00844_P01214,6.020505944952395
M00845_P00108,5.866320964643349
M00845_P00110,5.996457315629656
M00845_P00114,7.001998710840883
M00845_P00124,6.238891114629824
M00845_P00129,6.004077112556446
M00845_P00922,6.383968054017848
M00845_P00927,6.064786579759052
M00845_P00931,6.024896955528003
M00845_P00935,6.446738083624854
M00846_P00345,5.887518067872874
M00846_P00347,6.1463458613574025
M00846_P00351,6.392874080876365
M00846_P00353,5.88402194201048
M00846_P00359,6.195608411386456
M00846_P00362,5.821528991222355
M00846_P00705,6.048347061880788
M00846_P00707,0.0
M00846_P00716,0.0
M00846_P00718,0.0
M00846_P00724,0.0
M00846_P00728,6.486922954840193
M00847_P00478,5.817065470474785
M00847_P00479,6.841762840656166
M00847_P00486,0.0
M00847_P00491,6.005370677786194
M00847_P00529,0.0
M00847_P00535,0.0
M00847_P00536,0.0
M00847_P00542,0.0
M00847_P00543,6.544627974963902
M00848_P00807,6.224710203829229
M00848_P00812,6.805012489156196
M00848_P00819,0.0
M00848_P00826,0.0
M00848_P00827,7.2310895004853855
M00848_P00940,6.022286114510441
M00848_P00948,6.330561272672984
M00848_P00950,6.286278544577269
M00848_P00951,6.214220515560816
M00848_P00959,0.0
M00848_P00962,7.017890189333624
M00849_P00079,6.752910002614096
M00849_P00082,0.0
M00849_P00087,5.892710320660893
M00849_P00097,6.691945054404013
M00849_P00102,0.0
M00849_P01120,6.014203510258621
M00850_P00761,6.377384749037777
M00850_P00772,0.0
M00850_P01041,0.0
M00850_P01042,0.0
M00850_P01048,6.097434138374937
M00850_P01049,7.243791542589088
M00850_P01051,0.0
M00850_P01055,5.8638710837715164
M00850_P01063,0.0
M00850_P01064,5.893009735156089
M00851_P00266,6.199270363158392
M00851_P00271,6.259922293275749
M00851_P00278,6.828541716885021
M00851_P00286,6.196809569406594
M00851_P00761,6.232249288653071
M00851_P00772,5.876353235425642
M00852_P00313,0.0
M00852_P00324,0.0
M00852_P00329,6.002198584716984
M00852_P00333,0.0
M00852_P00334,0.0
M00852_P00705,5.870493205982439
M00852_P00707,6.380547848703015
M00852_P00716,6.269858362923497
M00852_P00718,7.398794801225515
M00852_P00724,0.0
M00852_P00728,6.207281942466179
M00853_P00515,5.845871288090863
M00853_P01070,5.878346372204101
M00853_P01074,6.278936745960137
M00853_P01082,5.838969404724894
M00854_P00136,6.83122375561037
M00854_P00141,6.9449092077131205
M00854_P00148,0.0
M00854_P00156,6.817853263958245
M00854_P01099,6.289838722996632
M00854_P01107,0.0
M00854_P01108,6.748147023208295
M00854_P01109,6.322298136368138
M00854_P01114,6.3261463686382635
M00854_P01118,0.0
M00855_P00136,7.0430022951267235
M00855_P00141,6.778707491072397
M00855_P00148,5.900851480258467
M00855_P00156,0.0
M00855_P00625,0.0
M00855_P00630,5.894124695861894
M00855_P00632,6.194282951400939
M00855_P00635,0.0
M00855_P00644,6.310641402399313
M00855_P00645,0.0
M00855_P00650,6.239449260871331
M00856_P00079,0.0
M00856_P00082,6.318238411371367
M00856_P00087,5.864333798429691
M00856_P00097,6.39242702985428
M00856_P00102,5.9119066319004085
M00856_P00678,6.02859346329648
M00856_P00679,0.0
M00856_P00680,0.0
M00856_P00681,6.01288218998085
M00856_P00683,0.0
M00856_P00694,6.343519709768877
M00857_P01146,6.981730358272018
M00857_P01157,6.015670957653046
M00857_P01166,6.394106222759164
M00857_P01169,6.118702954969803
M00857_P01201,0.0
M00857_P01209,0.0
M00857_P01210,0.0
M00857_P01211,0.0
M00857_P01214,0.0
M00858_P00705,0.0
M00858_P00707,6.340646760617506
M00858_P00716,0.0
M00858_P00718,0.0
M00858_P00724,0.0
M00858_P00728,6.195023701344765
M00858_P01099,0.0
M00858_P01107,0.0
M00858_P01108,6.649430539093671
M00858_P01109,0.0
M00858_P01114,6.419087305670802
M00858_P01118,0.0
M00859_P00011,0.0
M00859_P00024,0.0
M00859_P00368,0.0
M00859_P00372,0.0
M00859_P00378,6.143613429544441
M00859_P00382,5.8918384902991905
M00859_P00383,0.0
M00860_P00209,5.989682240457537
M00860_P00210,0.0
M00860_P00211,0.0
M00860_P00219,6.015735334608738
M00860_P00221,0.0
M00860_P00222,6.3666234503029555
M00860_P00232,6.02134649834515
M00860_P00234,0.0
M00860_P00991,7.07947660575083
M00860_P00993,0.0
M00860_P00997,5.851505780009262
M00860_P01000,6.2748135313410796
M00860_P01010,0.0
M00861_P00011,0.0
M00861_P00024,0.0
M00861_P00032,0.0
M00861_P00044,6.81242951721328
M00861_P00045,0.0
M00861_P00050,0.0
M00861_P00052,6.420133102576185
M00862_P00185,0.0
M00862_P00193,6.344055722991076
M00862_P00197,6.044399503587147
M00862_P00199,5.99280035300623
M00862_P00200,6.010647397773751
M00862_P00732,0.0
M00862_P00738,5.875402975911439
M00862_P00742,0.0
M00862_P00744,5.894910999215406
M00862_P00747,0.0
M00862_P00753,5.916235507900211
M00863_P00108,0.0
M00863_P00110,6.147131134014233
M00863_P00114,7.073194556718615
M00863_P00124,0.0
M00863_P00129,5.990325435529951
M00863_P00782,0.0
M00863_P00786,0.0
M00863_P00788,0.0
M00863_P00797,6.650010491207795
M00863_P00803,0.0
M00864_P00136,7.181743744200162
M00864_P00141,0.0
M00864_P00148,5.9738167184005535
M00864_P00156,0.0
M00864_P01223,0.0
M00864_P01234,0.0
M00864_P01236,0.0
M00864_P01241,6.454567599864107
M00864_P01242,6.341918818669784
M00865_P00529,0.0
M00865_P00535,0.0
M00865_P00536,6.04461415373469
M00865_P00542,5.9775196979459055
M00865_P00543,6.698634084661347
M00865_P00625,6.1832093746030985
M00865_P00630,0.0
M00865_P00632,6.1325426599873705
M00865_P00635,6.259963726396548
M00865_P00644,0.0
M00865_P00645,0.0
M00865_P00650,6.529288502964013
M00866_P00209,0.0
M00866_P00210,7.0795316541650015
M00866_P00211,0.0
M00866_P00219,6.018969031661608
M00866_P00221,6.364735387817117
M00866_P00222,0.0
M00866_P00232,0.0
M00866_P00234,7.232493796339381
M00866_P00625,0.0
M00866_P00630,5.828885589453217
M00866_P00632,6.220456759625005
M00866_P00635,0.0
M00866_P00644,0.0
M00866_P00645,7.02791614300205
M00866_P00650,0.0
M00867_P00108,0.0
M00867_P00110,5.905973871783992
M00867_P00114,7.178101691360529
M00867_P00124,6.0835766505625815
M00867_P00129,5.9002817791031745
M00867_P00888,6.012163562439647
M00867_P00889,0.0
M00867_P00893,6.013605714400551
M00867_P00894,6.414053692823009
M00867_P00895,6.3553608681024585
M00867_P00901,0.0
M00867_P00909,0.0
M00868_P01020,0.0
M00868_P01034,6.015486333259867
M00868_P01037,0.0
M00868_P01038,6.338149377979294
M00868_P01099,0.0
M00868_P01107,5.86747900736843
M00868_P01108,0.0
M00868_P01109,6.656140625012764
M00868_P01114,6.174540805073503
M00868_P01118,0.0
M00869_P00574,0.0
M00869_P00579,6.1063492732905855
M00869_P00582,6.261418078674756
M00869_P00584,6.596615732465937
M00869_P00586,5.878411074726123
M00869_P00590,6.521542582580054
M00869_P01223,0.0
M00869_P01234,0.0
M00869_P01236,5.887435959207709
M00869_P01241,6.247086340698828
M00869_P01242,5.889283204948813
M00870_P00678,0.0
M00870_P00679,7.034867069892957
M00870_P00680,5.855432505071392
M00870_P00681,5.885347602522197
M00870_P00683,0.0
M00870_P00694,0.0
M00870_P01041,0.0
M00870_P01042,5.81670222799768
M00870_P01048,0.0
M00870_P01049,6.919188355658628
M00870_P01051,0.0
M00870_P01055,0.0
M00870_P01063,5.8741868994476905
M00870_P01064,5.854064924728163
M00871_P00136,6.894391972011805
M00871_P00141,7.032388133795878
M00871_P00148,5.817155685480548
M00871_P00156,6.4865847476767415
M00871_P00345,0.0
M00871_P00347,0.0
M00871_P00351,0.0
M00871_P00353,0.0
M00871_P00359,6.143235715665927
M00871_P00362,0.0
M00872_P00185,0.0
M00872_P00193,0.0
M00872_P00197,6.013270842571309
M00872_P00199,0.0
M00872_P00200,6.012772770339785
M00872_P00991,6.824383141640201
M00872_P00993,0.0
M00872_P00997,5.836295369521322
M00872_P01000,6.218772792831476
M00872_P01010,6.207669085401732
M00873_P00574,0.0
M00873_P00579,0.0
M00873_P00582,0.0
M00873_P00584,6.36991938731358
M00873_P00586,6.514946601975437
M00873_P00590,6.878808994368217
M00873_P00732,5.883894083655536
M00873_P00738,5.813636817300319
M00873_P00742,0.0
M00873_P00744,5.850885987350649
M00873_P00747,6.950964675093117
M00873_P00753,6.20235208338358
M00874_P00391,0.0
M00874_P00399,0.0
M00874_P00410,0.0
M00874_P00416,6.400371938774308
M00874_P00478,5.853756356564681
M00874_P00479,0.0
M00874_P00486,6.25446701034709
M00874_P00491,0.0
M00875_P00391,0.0
M00875_P00399,0.0
M00875_P00410,6.457523328177532
M00875_P00416,0.0
M00875_P00940,5.898103717920701
M00875_P00948,0.0
M00875_P00950,6.0916984448951474
M00875_P00951,6.228032719424349
M00875_P00959,5.8397749231836364
M00875_P00962,0.0
M00876_P00032,6.689924634298313
M00876_P00044,6.768429610621607
M00876_P00045,5.861577764254679
M00876_P00050,0.0
M00876_P00052,0.0
M00876_P01146,0.0
M00876_P01157,6.021390614617633
M00876_P01166,0.0
M00876_P01169,6.04168720050372
M00877_P00345,0.0
M00877_P00347,0.0
M00877_P00351,6.3511412839814385
M00877_P00353,6.031720195900098
M00877_P00359,0.0
M00877_P00362,0.0
M00877_P00888,0.0
M00877_P00889,5.8915749264725
M00877_P00893,6.276092995053739
M00877_P00894,6.176058281847472
M00877_P00895,0.0
M00877_P00901,7.076112620884969
M00877_P00909,0.0
M00878_P00655,6.051508219804259
M00878_P00662,0.0
M00878_P00666,0.0
M00878_P00668,5.880830374665293
M00878_P00669,6.205342199017168
M00878_P00673,0.0
M00878_P00674,0.0
M00878_P01223,6.022758986931223
M00878_P01234,0.0
M00878_P01236,0.0
M00878_P01241,6.500259965021204
M00878_P01242,6.116716559971556
M00879_P00391,0.0
M00879_P00399,0.0
M00879_P00410,0.0
M00879_P00416,6.423595432980386
M00879_P00835,0.0
M00879_P00840,5.98894944559691
M00879_P00844,5.98801616533873
M00879_P00847,5.930791533205427
M00879_P00848,5.8440870257770134
M00879_P00856,6.552121034555481
M00880_P00391,5.858623980030135
M00880_P00399,0.0
M00880_P00410,6.285598586447166
M00880_P00416,0.0
M00880_P00835,0.0
M00880_P00840,0.0
M00880_P00844,5.821862267586644
M00880_P00847,5.842046790355831
M00880_P00848,0.0
M00880_P00856,0.0
M00881_P00011,0.0
M00881_P00024,6.016786580339701
M00881_P00863,0.0
M00881_P00880,6.310091792254493
M00881_P00882,0.0
M00882_P00209,0.0
M00882_P00210,7.076021487705545
M00882_P00211,0.0
M00882_P00219,5.887310988561693
M00882_P00221,6.3168575820017
M00882_P00222,6.2804636779406415
M00882_P00232,0.0
M00882_P00234,7.048605983053567
M00882_P00655,0.0
M00882_P00662,5.866889298126355
M00882_P00666,6.294249684185564
M00882_P00668,0.0
M00882_P00669,6.223986816730807
M00882_P00673,6.576223613314129
M00882_P00674,5.922703493712779
M00883_P00611,6.011510407549946
M00883_P00618,6.364375843337674
M00883_P00619,0.0
M00883_P00622,6.042464661325622
M00883_P00922,6.7368204746605
M00883_P00927,0.0
M00883_P00931,5.902258249059091
M00883_P00935,6.254329553671039
M00884_P00108,6.006685195465687
M00884_P00110,0.0
M00884_P00114,7.1094466502678335
M00884_P00124,0.0
M00884_P00129,5.87528174753247
M00884_P00782,0.0
M00884_P00786,0.0
M00884_P00788,7.054150510832675
M00884_P00797,0.0
M00884_P00803,6.811388855778992
M00885_P00011,5.893184152142733
M00885_P00024,5.8696361620663815
M00885_P00443,0.0
M00885_P00448,0.0
M00885_P00452,0.0
M00885_P00462,6.295494184642755
M00885_P00463,0.0
M00885_P00465,0.0
M00885_P00468,0.0
M00886_P00079,0.0
M00886_P00082,0.0
M00886_P00087,6.1468351155701955
M00886_P00097,6.405876649649922
M00886_P00102,6.038776972001354
M00886_P00678,5.850363461793656
M00886_P00679,0.0
M00886_P00680,5.948747132249002
M00886_P00681,0.0
M00886_P00683,0.0
M00886_P00694,0.0
M00887_P01041,0.0
M00887_P01042,6.016032293481697
M00887_P01048,6.1933199509268935
M00887_P01049,7.073453561248175
M00887_P01051,0.0
M00887_P01055,6.019822871786367
M00887_P01063,0.0
M00887_P01064,6.065072497987708
M00887_P01201,0.0
M00887_P01209,5.858651626269737
M00887_P01210,0.0
M00887_P01211,6.793816541550926
M00887_P01214,5.884337915497177
M00888_P00705,0.0
M00888_P00707,6.487804851982279
M00888_P00716,0.0
M00888_P00718,6.769054371523946
M00888_P00724,6.0295961501499935
M00888_P00728,6.5091538296229805
M00888_P01177,6.234933053163352
M00888_P01182,0.0
M00888_P01184,0.0
M00888_P01193,5.861324715310611
M00888_P01196,0.0
M00889_P00888,0.0
M00889_P00889,0.0
M00889_P00893,5.87548651795462
M00889_P00894,6.160199408883065
M00889_P00895,6.4286557263635755
M00889_P00901,7.134021116002876
M00889_P00909,6.22039846670257
M00889_P01041,0.0
M00889_P01042,0.0
M00889_P01048,0.0
M00889_P01049,0.0
M00889_P01051,6.312644648819442
M00889_P01055,0.0
M00889_P01063,6.010394627452416
M00889_P01064,0.0
M00890_P00136,7.112390573846005
M00890_P00141,6.916219637881739
M00890_P00148,6.009748213438232
M00890_P00156,6.440644661871296
M00890_P00443,0.0
M00890_P00448,0.0
M00890_P00452,5.873028715614409
M00890_P00462,0.0
M00890_P00463,6.169185286293643
M00890_P00465,6.167384491840639
M00890_P00468,6.263803655960224
M00891_P00345,0.0
M00891_P00347,0.0
M00891_P00351,6.385001496734358
M00891_P00353,6.0332760484164885
M00891_P00359,6.273296246166064
M00891_P00362,0.0
M00891_P00835,6.205788335591625
M00891_P00840,0.0
M00891_P00844,5.8642421272275245
M00891_P00847,5.9916021990641095
M00891_P00848,0.0
M00891_P00856,6.260969861353832
M00892_P00655,6.2755899556347625
M00892_P00662,6.033992794736827
M00892_P00666,6.316755332253106
M00892_P00668,6.141213736741797
M00892_P00669,6.313869931161991
M00892_P00673,6.561999866314267
M00892_P00674,0.0
M00892_P00991,0.0
M00892_P00993,0.0
M00892_P00997,0.0
M00892_P01000,6.253274770988298
M00892_P01010,0.0
M00893_P00515,0.0
M00893_P01177,6.254622679174437
M00893_P01182,5.8523322414795595
M00893_P01184,0.0
M00893_P01193,0.0
M00893_P01196,6.31038388309036
M00894_P00079,0.0
M00894_P00082,6.336008239938774
M00894_P00087,6.038071664152466
M00894_P00097,6.360980207681528
M00894_P00102,0.0
M00894_P00423,6.715212561791924
M00894_P00424,5.893197509782767
M00894_P00425,0.0
M00894_P00426,6.264364394010645
M00894_P00431,5.895796257883379
M00894_P00436,0.0
M00894_P00440,5.89732427655691
M00895_P00185,0.0
M00895_P00193,0.0
M00895_P00197,0.0
M00895_P00199,6.1197846654671375
M00895_P00200,6.012538086285129
M00895_P00782,0.0
M00895_P00786,0.0
M00895_P00788,0.0
M00895_P00797,6.167690259694378
M00895_P00803,6.333329062518541
M00896_P00515,5.878578834539971
M00896_P01120,0.0
M00897_P00011,5.8852437864664235
M00897_P00024,0.0
M00897_P00185,0.0
M00897_P00193,6.20100199146356
M00897_P00197,6.0057242445572125
M00897_P00199,6.019951524007497
M00897_P00200,6.019067433368133
M00898_P00011,0.0
M00898_P00024,6.019866785093773
M00898_P01146,6.977329715901802
M00898_P01157,0.0
M00898_P01166,6.540113432226075
M00898_P01169,0.0
M00899_P00574,6.006070037429829
M00899_P00579,0.0
M00899_P00582,6.248992675166947
M00899_P00584,0.0
M00899_P00586,5.881898091044736
M00899_P00590,6.745880987054766
M00899_P00888,0.0
M00899_P00889,6.205691404737438
M00899_P00893,0.0
M00899_P00894,6.321662535828966
M00899_P00895,6.159206377571476
M00899_P00901,7.216774330019237
M00899_P00909,0.0
M00900_P00266,0.0
M00900_P00271,0.0
M00900_P00278,6.854530349542424
M00900_P00286,0.0
M00900_P00625,0.0
M00900_P00630,0.0
M00900_P00632,6.424115874492482
M00900_P00635,6.412152215823749
M00900_P00644,0.0
M00900_P00645,0.0
M00900_P00650,6.380067026196359
M00901_P00185,0.0
M00901_P00193,6.381656013760833
M00901_P00197,6.005000866067466
M00901_P00199,0.0
M00901_P00200,6.017319717008909
M00901_P01201,5.8547234632813865
M00901_P01209,5.889237334426763
M00901_P01210,0.0
M00901_P01211,0.0
M00901_P01214,0.0
M00902_P00549,5.841439656960382
M00902_P00552,5.875891627776894
M00902_P00554,0.0
M00902_P00561,0.0
M00902_P00562,0.0
M00902_P00568,5.879314661376521
M00902_P00732,5.844163960213126
M00902_P00738,0.0
M00902_P00742,0.0
M00902_P00744,5.880138793672923
M00902_P00747,7.053878485829446
M00902_P00753,5.924676586883425
M00903_P00423,6.832305581030214
M00903_P00424,0.0
M00903_P00425,6.361141721770361
M00903_P00426,0.0
M00903_P00431,0.0
M00903_P00436,0.0
M00903_P00440,6.042661705126327
M00903_P01201,5.9757990798450455
M00903_P01209,0.0
M00903_P01210,0.0
M00903_P01211,0.0
M00903_P01214,5.875869718717754
M00904_P00761,0.0
M00904_P00772,6.034829487537329
M00904_P00807,0.0
M00904_P00812,7.218338427731194
M00904_P00819,5.829295649253194
M00904_P00826,6.333095579412753
M00904_P00827,0.0
M00905_P00079,0.0
M00905_P00082,0.0
M00905_P00087,5.876547418255996
M00905_P00097,6.434893111141771
M00905_P00102,5.978100887845611
M00905_P00835,6.218862949669906
M00905_P00840,0.0
M00905_P00844,5.857036460833709
M00905_P00847,6.019513484409713
M00905_P00848,5.881799042784596
M00905_P00856,0.0
M00906_P00266,6.364892943143615
M00906_P00271,0.0
M00906_P00278,6.929306508373436
M00906_P00286,6.443897513451094
M00906_P00611,5.875159425348998
M00906_P00618,6.2412379199861245
M00906_P00619,0.0
M00906_P00622,5.915963008340315
M00907_P00940,0.0
M00907_P00948,6.354390199932461
M00907_P00950,0.0
M00907_P00951,6.365671444505051
M00907_P00959,0.0
M00907_P00962,6.821375564657543
M00907_P01146,0.0
M00907_P01157,6.101090744669697
M00907_P01166,6.248868821455376
M00907_P01169,5.8983774199694725
M00908_P00368,6.054400148086825
M00908_P00372,0.0
M00908_P00378,0.0
M00908_P00382,0.0
M00908_P00383,6.023020124152212
M00908_P00863,5.855512399166111
M00908_P00880,6.361677679928834
M00908_P00882,6.884025720577868
M00909_P00011,0.0
M00909_P00024,0.0
M00909_P00423,6.864194531233079
M00909_P00424,0.0
M00909_P00425,0.0
M00909_P00426,0.0
M00909_P00431,5.898651703832257
M00909_P00436,6.30356453651843
M00909_P00440,5.901267919401217
M00910_P00611,0.0
M00910_P00618,0.0
M00910_P00619,0.0
M00910_P00622,0.0
M00910_P00655,0.0
M00910_P00662,6.013073924054046
M00910_P00666,0.0
M00910_P00668,0.0
M00910_P00669,6.6190292883834
M00910_P00673,6.417704660602535
M00910_P00674,6.10202638552526
M00911_P00055,0.0
M00911_P00057,5.8486051666500245
M00911_P00059,6.2538233562121865
M00911_P00064,0.0
M00911_P00066,7.243353816170961
M00911_P00071,6.137359007707366
M00911_P00077,0.0
M00911_P00940,5.907747911328033
M00911_P00948,0.0
M00911_P00950,6.112304005886216
M00911_P00951,6.632491085783138
M00911_P00959,5.861062406166319
M00911_P00962,7.287704047410703
M00912_P00368,5.894253490102272
M00912_P00372,6.944075730955363
M00912_P00378,6.06903635680895
M00912_P00382,5.904039549672798
M00912_P00383,0.0
M00912_P00549,5.857466832029621
M00912_P00552,6.002104928760808
M00912_P00554,6.1385114542521695
M00912_P00561,7.533516575185862
M00912_P00562,5.876750482802874
M00912_P00568,0.0
M00913_P00529,6.017353889726653
M00913_P00535,0.0
M00913_P00536,6.015277470167218
M00913_P00542,6.053246909579424
M00913_P00543,0.0
M00913_P01201,5.8922033361287705
M00913_P01209,5.9621186784735505
M00913_P01210,5.853926853878647
M00913_P01211,0.0
M00913_P01214,5.828750566230969
M00914_P00611,0.0
M00914_P00618,6.74674621168618
M00914_P00619,5.886433811640234
M00914_P00622,5.885127378991256
M00914_P00940,6.019085807129381
M00914_P00948,6.339249652342798
M00914_P00950,6.344277049431257
M00914_P00951,6.522614288843947
M00914_P00959,6.014437877238427
M00914_P00962,7.015670950619912
M00915_P00287,0.0
M00915_P00290,6.233545601492868
M00915_P00291,0.0
M00915_P00295,6.9533867999828125
M00915_P00297,0.0
M00915_P00298,5.893929243941864
M00915_P00299,5.847134235668673
M00915_P00304,0.0
M00915_P00307,0.0
M00915_P00309,6.39609025336059
M00915_P00310,6.027102611609326
M00915_P00391,0.0
M00915_P00399,0.0
M00915_P00410,0.0
M00915_P00416,6.208391576893141
M00916_P00108,5.898944184232064
M00916_P00110,5.85434789238878
M00916_P00114,7.15419369869978
M00916_P00124,6.224660602864357
M00916_P00129,0.0
M00916_P00655,0.0
M00916_P00662,5.904288235903356
M00916_P00666,6.619795788565913
M00916_P00668,0.0
M00916_P00669,0.0
M00916_P00673,6.219829165784714
M00916_P00674,0.0
M00917_P00515,0.0
M00917_P00549,0.0
M00917_P00552,0.0
M00917_P00554,0.0
M00917_P00561,7.223619694560361
M00917_P00562,6.040726012453351
M00917_P00568,0.0
M00918_P00011,6.033138672887675
M00918_P00024,6.026731523497285
M00918_P00625,6.16632626957441
M00918_P00630,5.8492911144063395
M00918_P00632,6.293443397697003
M00918_P00635,6.215748391839797
M00918_P00644,6.26466520281025
M00918_P00645,0.0
M00918_P00650,6.144253788590735
M00919_P00515,5.800931079906618
M00919_P00940,5.8476033772448766
M00919_P00948,0.0
M00919_P00950,0.0
M00919_P00951,6.2325663750537865
M00919_P00959,0.0
M00919_P00962,6.763498010244661
M00920_P00611,6.016031428927099
M00920_P00618,6.389579413247963
M00920_P00619,0.0
M00920_P00622,0.0
M00920_P00761,6.18848822852864
M00920_P00772,5.842077297359191
M00921_P00313,0.0
M00921_P00324,6.376964980496911
M00921_P00329,6.017501871458604
M00921_P00333,6.426827042146005
M00921_P00334,0.0
M00921_P01223,5.845399615984361
M00921_P01234,6.534721484446276
M00921_P01236,5.8427016708566155
M00921_P01241,0.0
M00921_P01242,5.807532464275191
M00922_P00011,0.0
M00922_P00024,6.211119953079122
M00922_P00241,6.01409349039684
M00922_P00244,0.0
M00922_P00245,6.431185294116699
M00922_P00248,6.369029213701183
M00922_P00255,0.0
M00922_P00260,6.779544082337197
M00923_P00368,6.005560246669014
M00923_P00372,6.8827195355394455
M00923_P00378,6.542262374984696
M00923_P00382,6.022497202991803
M00923_P00383,6.018441843778205
M00923_P00922,5.953098228787065
M00923_P00927,5.898303520975113
M00923_P00931,5.854113169123121
M00923_P00935,0.0
M00924_P00011,5.888778838412103
M00924_P00024,5.890127989997407
M00924_P00549,5.994681249761949
M00924_P00552,0.0
M00924_P00554,6.244186409863078
M00924_P00561,7.173639689603674
M00924_P00562,6.054069713035728
M00924_P00568,0.0
M00925_P01201,5.915282839215479
M00925_P01209,5.8771937050100735
M00925_P01210,5.890132142324022
M00925_P01211,6.846833920833841
M00925_P01214,0.0
M00925_P01223,5.876087174247386
M00925_P01234,6.704492445569982
M00925_P01236,5.855045114316968
M00925_P01241,6.271027694867012
M00925_P01242,5.813229460311814
M00926_P00345,6.034726318908003
M00926_P00347,6.386914608211064
M00926_P00351,6.384228808221521
M00926_P00353,0.0
M00926_P00359,6.444625990658027
M00926_P00362,6.123523681534174
M00926_P00888,0.0
M00926_P00889,5.862729210620761
M00926_P00893,5.82724774772985
M00926_P00894,0.0
M00926_P00895,0.0
M00926_P00901,0.0
M00926_P00909,6.452940494971673
M00927_P00079,6.8841971567711155
M00927_P00082,0.0
M00927_P00087,0.0
M00927_P00097,0.0
M00927_P00102,0.0
M00927_P00807,0.0
M00927_P00812,0.0
M00927_P00819,0.0
M00927_P00826,6.3763204896300945
M00927_P00827,7.067824790473623
M00928_P00055,0.0
M00928_P00057,5.875945577325963
M00928_P00059,6.2755707848896405
M00928_P00064,5.882377414842193
M00928_P00066,7.217606648051165
M00928_P00071,0.0
M00928_P00077,6.237343039594847
M00928_P00136,6.91525988223616
M00928_P00141,6.9575016624816195
M00928_P00148,6.191452253793205
M00928_P00156,0.0
M00929_P00611,0.0
M00929_P00618,0.0
M00929_P00619,5.858697181688005
M00929_P00622,0.0
M00929_P01146,7.095298806420369
M00929_P01157,6.01482000044647
M00929_P01166,0.0
M00929_P01169,6.017298706132082
M00930_P00157,5.844198376118791
M00930_P00159,0.0
M00930_P00164,0.0
M00930_P00169,0.0
M00930_P00171,6.274671439837075
M00930_P00175,0.0
M00930_P00965,6.373104405458978
M00930_P00966,0.0
M00930_P00975,6.848589838769029
M00930_P00978,0.0
M00930_P00980,0.0
M00930_P00986,0.0
M00931_P00655,6.133241552064789
M00931_P00662,5.815356667875072
M00931_P00666,0.0
M00931_P00668,0.0
M00931_P00669,6.240318197488026
M00931_P00673,6.225377872682485
M00931_P00674,0.0
M00931_P01041,0.0
M00931_P01042,6.060487274446993
M00931_P01048,6.114092555825947
M00931_P01049,7.188928192139502
M00931_P01051,6.220041357031298
M00931_P01055,0.0
M00931_P01063,6.175846938821796
M00931_P01064,0.0
M00932_P00705,0.0
M00932_P00707,6.437657316217399
M00932_P00716,6.488178579751182
M00932_P00718,6.9707216237796015
M00932_P00724,0.0
M00932_P00728,0.0
M00932_P01120,5.823811160662432
M00933_P00423,0.0
M00933_P00424,5.883671571410482
M00933_P00425,6.193976675827359
M00933_P00426,5.808341084492696
M00933_P00431,5.838978654020844
M00933_P00436,6.292413281975508
M00933_P00440,0.0
M00933_P00478,6.0301514489665395
M00933_P00479,0.0
M00933_P00486,6.665008816489956
M00933_P00491,6.0301388175778365
M00934_P00529,0.0
M00934_P00535,5.901064134683628
M00934_P00536,0.0
M00934_P00542,6.100770491606766
M00934_P00543,0.0
M00934_P01146,0.0
M00934_P01157,6.014149411472836
M00934_P01166,0.0
M00934_P01169,6.073087889618797
M00935_P00368,5.880240396649511
M00935_P00372,0.0
M00935_P00378,6.152614711594866
M00935_P00382,0.0
M00935_P00383,6.131043835322147
M00935_P00443,0.0
M00935_P00448,6.012245631797075
M00935_P00452,6.03388194170325
M00935_P00462,6.3844095100845015
M00935_P00463,6.489591886980074
M00935_P00465,6.5445803482751135
M00935_P00468,6.377889894226668
M00936_P00209,5.879877254162689
M00936_P00210,0.0
M00936_P00211,0.0
M00936_P00219,5.872052993462445
M00936_P00221,6.325104538490893
M00936_P00222,6.7217445336982715
M00936_P00232,0.0
M00936_P00234,7.661575926180145
M00936_P00991,7.039177356416773
M00936_P00993,6.018450866597278
M00936_P00997,0.0
M00936_P01000,6.109119023186138
M00936_P01010,0.0
M00937_P00157,6.018236275357419
M00937_P00159,0.0
M00937_P00164,6.588186602993306
M00937_P00169,6.014253184305691
M00937_P00171,6.593595907625233
M00937_P00175,0.0
M00937_P00287,0.0
M00937_P00290,5.817180757618753
M00937_P00291,5.798244116923594
M00937_P00295,0.0
M00937_P00297,5.895724840376521
M00937_P00298,5.975610534061055
M00937_P00299,0.0
M00937_P00304,5.868426112377672
M00937_P00307,6.326692075221442
M00937_P00309,6.739561554540059
M00937_P00310,6.192069607923303
M00938_P00529,5.89192640065634
M00938_P00535,5.873799868598468
M00938_P00536,5.88638457973071
M00938_P00542,0.0
M00938_P00543,6.508932637371356
M00938_P00705,0.0
M00938_P00707,0.0
M00938_P00716,6.409752134712131
M00938_P00718,0.0
M00938_P00724,0.0
M00938_P00728,0.0
M00939_P00345,5.872397477846647
M00939_P00347,0.0
M00939_P00351,0.0
M00939_P00353,5.896847085440831
M00939_P00359,6.184964459738494
M00939_P00362,6.222220892754432
M00939_P00761,0.0
M00939_P00772,6.023924842570101
M00940_P00185,5.875531330088161
M00940_P00193,6.178395454084313
M00940_P00197,0.0
M00940_P00199,5.811589622171464
M00940_P00200,0.0
M00940_P00423,0.0
M00940_P00424,5.891562425455785
M00940_P00425,6.27054872456208
M00940_P00426,5.852796309584839
M00940_P00431,5.873152802447169
M00940_P00436,0.0
M00940_P00440,5.869344401921787
M00941_P00515,6.052112984272945
M00941_P01120,0.0
M00942_P00345,0.0
M00942_P00347,6.193284753183881
M00942_P00351,6.763028411930708
M00942_P00353,5.8902532989242475
M00942_P00359,0.0
M00942_P00362,5.888106583950473
M00942_P00549,0.0
M00942_P00552,0.0
M00942_P00554,0.0
M00942_P00561,7.259740991728581
M00942_P00562,5.8740130148722685
M00942_P00568,5.897562225193554
M00943_P00391,0.0
M00943_P00399,6.272602452862468
M00943_P00410,0.0
M00943_P00416,0.0
M00943_P01177,6.359389154244562
M00943_P01182,0.0
M00943_P01184,6.0161763477775345
M00943_P01193,6.021984349464324
M00943_P01196,0.0
M00944_P00079,0.0
M00944_P00082,0.0
M00944_P00087,6.056821842503135
M00944_P00097,6.37582183637243
M00944_P00102,6.068477449088981
M00944_P00835,6.1367527695562645
M00944_P00840,5.810355734865852
M00944_P00844,5.882683800035864
M00944_P00847,0.0
M00944_P00848,5.904921664199401
M00944_P00856,6.252666808775899
M00945_P00287,0.0
M00945_P00290,6.014012863133799
M00945_P00291,6.1404321100375965
M00945_P00295,0.0
M00945_P00297,6.0219622488958375
M00945_P00298,6.055397571448721
M00945_P00299,0.0
M00945_P00304,0.0
M00945_P00307,6.5292704313266965
M00945_P00309,6.549763474771969
M00945_P00310,0.0
M00945_P00423,6.838392178741724
M00945_P00424,0.0
M00945_P00425,0.0
M00945_P00426,5.871729020895085
M00945_P00431,0.0
M00945_P00436,0.0
M00945_P00440,5.829777434607122
M00946_P00732,6.056647458284781
M00946_P00738,0.0
M00946_P00742,0.0
M00946_P00744,6.015978423411656
M00946_P00747,7.30427311779633
M00946_P00753,6.072640969529604
M00946_P00940,0.0
M00946_P00948,6.341268114055088
M00946_P00950,6.123038946582082
M00946_P00951,6.17145441733258
M00946_P00959,0.0
M00946_P00962,6.896297472656107
M00947_P00157,0.0
M00947_P00159,0.0
M00947_P00164,0.0
M00947_P00169,5.848211456114841
M00947_P00171,0.0
M00947_P00175,6.247408236805257
M00947_P00782,0.0
M00947_P00786,6.059561939171905
M00947_P00788,0.0
M00947_P00797,6.260929637534741
M00947_P00803,0.0
M00948_P00011,0.0
M00948_P00024,5.8351084887097215
M00948_P00185,0.0
M00948_P00193,6.386158968862264
M00948_P00197,6.035570276744883
M00948_P00199,0.0
M00948_P00200,0.0
M00949_P00209,0.0
M00949_P00210,7.058971376334776
M00949_P00211,0.0
M00949_P00219,0.0
M00949_P00221,6.236050211563655
M00949_P00222,0.0
M00949_P00232,0.0
M00949_P00234,7.042818431037493
M00949_P00345,6.055956779761474
M00949_P00347,6.450521061394214
M00949_P00351,6.411702700195888
M00949_P00353,6.088520185584785
M00949_P00359,6.468688749034924
M00949_P00362,6.018384672796207
M00950_P01041,0.0
M00950_P01042,6.01538461672471
M00950_P01048,6.095166778068886
M00950_P01049,0.0
M00950_P01051,6.233177197612744
M00950_P01055,6.047626100300009
M00950_P01063,6.022799176289958
M00950_P01064,6.240498661664309
M00950_P01120,0.0
M00951_P00965,0.0
M00951_P00966,6.014962009176065
M00951_P00975,6.87665522847411
M00951_P00978,6.616349260368424
M00951_P00980,0.0
M00951_P00986,6.908118359357065
M00951_P00991,7.0194763502625115
M00951_P00993,5.839905952251671
M00951_P00997,5.87108594273542
M00951_P01000,0.0
M00951_P01010,6.337680938092814
M00952_P00032,7.169313169526987
M00952_P00044,6.966173527803346
M00952_P00045,6.233123112619458
M00952_P00050,6.289284239595276
M00952_P00052,0.0
M00952_P00136,0.0
M00952_P00141,7.0062320585249855
M00952_P00148,5.83727964532736
M00952_P00156,6.283439185579175
M00953_P00136,7.064517143643348
M00953_P00141,0.0
M00953_P00148,6.019880840808536
M00953_P00156,0.0
M00953_P00209,0.0
M00953_P00210,0.0
M00953_P00211,5.876528391906609
M00953_P00219,0.0
M00953_P00221,6.210213940045342
M00953_P00222,6.462351602071925
M00953_P00232,5.865640530019666
M00953_P00234,0.0
M00954_P00055,5.8296817568929375
M00954_P00057,0.0
M00954_P00059,6.257984444216287
M00954_P00064,6.078680303068561
M00954_P00066,0.0
M00954_P00071,6.939262674742025
M00954_P00077,0.0
M00954_P00782,0.0
M00954_P00786,5.866966062537457
M00954_P00788,0.0
M00954_P00797,6.621992037770558
M00954_P00803,6.267712512078605
M00955_P00705,0.0
M00955_P00707,0.0
M00955_P00716,6.591853364523042
M00955_P00718,0.0
M00955_P00724,5.8987414298851455
M00955_P00728,6.52305667797709
M00955_P00940,5.858655483289999
M00955_P00948,6.24376299989729
M00955_P00950,6.200547181721021
M00955_P00951,5.9169475774424765
M00955_P00959,0.0
M00955_P00962,6.726191572216701
M00956_P00032,6.852351187054629
M00956_P00044,6.737652159250976
M00956_P00045,0.0
M00956_P00050,5.846322860445303
M00956_P00052,0.0
M00956_P00807,6.205268905410941
M00956_P00812,7.036463770861577
M00956_P00819,0.0
M00956_P00826,6.425654138837474
M00956_P00827,6.753472370090021
M00957_P00287,0.0
M00957_P00290,6.020490219692164
M00957_P00291,6.029368843213141
M00957_P00295,7.165069524127166
M00957_P00297,0.0
M00957_P00298,6.0354666365440925
M00957_P00299,6.037778850987629
M00957_P00304,6.020044269724434
M00957_P00307,6.472935756509515
M00957_P00309,6.426157786279972
M00957_P00310,0.0
M00957_P00611,0.0
M00957_P00618,0.0
M00957_P00619,0.0
M00957_P00622,0.0
M00958_P00443,0.0
M00958_P00448,0.0
M00958_P00452,6.015313420162626
M00958_P00462,0.0
M00958_P00463,6.520325893701114
M00958_P00465,6.295709392275903
M00958_P00468,6.827519050258285
M00958_P00478,5.852256409010405
M00958_P00479,6.795601096344696
M00958_P00486,6.2600276001787885
M00958_P00491,5.875229856534214
M00959_P00055,0.0
M00959_P00057,6.36360428067632
M00959_P00059,6.340746596693171
M00959_P00064,0.0
M00959_P00066,6.889479996117796
M00959_P00071,6.597693642353314
M00959_P00077,6.403908769433193
M00959_P01041,0.0
M00959_P01042,5.838465940900884
M00959_P01048,5.9691134524379414
M00959_P01049,7.1926482856281595
M00959_P01051,6.188284609708315
M00959_P01055,0.0
M00959_P01063,5.894403489816451
M00959_P01064,5.818586790455219
M00960_P00478,5.849879425130649
M00960_P00479,6.64289798499544
M00960_P00486,0.0
M00960_P00491,0.0
M00960_P01070,6.333622675075353
M00960_P01074,0.0
M00960_P01082,0.0
M00961_P00782,6.269844473348872
M00961_P00786,5.883203246567223
M00961_P00788,6.880065970150687
M00961_P00797,6.6966218426681925
M00961_P00803,6.263469572168558
M00961_P00922,0.0
M00961_P00927,6.038877861431867
M00961_P00931,6.019283571184874
M00961_P00935,0.0
M00962_P00443,0.0
M00962_P00448,5.815649114289695
M00962_P00452,5.8941615583072
M00962_P00462,0.0
M00962_P00463,0.0
M00962_P00465,6.774947684650073
M00962_P00468,6.254132542163543
M00962_P00655,0.0
M00962_P00662,6.044420161510064
M00962_P00666,6.657740099726587
M00962_P00668,6.012184800075906
M00962_P00669,6.3439524415163335
M00962_P00673,0.0
M00962_P00674,0.0
M00963_P00313,0.0
M00963_P00324,6.379892344136267
M00963_P00329,6.023172264863258
M00963_P00333,6.675566604220283
M00963_P00334,0.0
M00963_P01099,0.0
M00963_P01107,0.0
M00963_P01108,6.635311998633191
M00963_P01109,6.288809929084507
M00963_P01114,0.0
M00963_P01118,6.401672753496885
M00964_P00888,0.0
M00964_P00889,5.8899838134913125
M00964_P00893,5.865334782811021
M00964_P00894,6.456876338409634
M00964_P00895,6.381568075019824
M00964_P00901,0.0
M00964_P00909,6.630909956792708
M00964_P01041,0.0
M00964_P01042,0.0
M00964_P01048,0.0
M00964_P01049,0.0
M00964_P01051,6.325724677300121
M00964_P01055,0.0
M00964_P01063,6.022902697518184
M00964_P01064,6.043760147979331
M00965_P00625,0.0
M00965_P00630,5.908902511133988
M00965_P00632,6.166256594127048
M00965_P00635,0.0
M00965_P00644,6.657287628334462
M00965_P00645,0.0
M00965_P00650,0.0
M00965_P01201,0.0
M00965_P01209,0.0
M00965_P01210,0.0
M00965_P01211,6.555063852569954
M00965_P01214,6.021628618927553
M00966_P00807,6.239058067723621
M00966_P00812,0.0
M00966_P00819,5.864739898627021
M00966_P00826,6.303519041949099
M00966_P00827,0.0
M00966_P00888,6.0151560928717585
M00966_P00889,6.006661167016332
M00966_P00893,0.0
M00966_P00894,0.0
M00966_P00895,0.0
M00966_P00901,7.646859497325383
M00966_P00909,0.0
M00967_P00443,6.198951589790493
M00967_P00448,5.815379493152657
M00967_P00452,5.888648363843673
M00967_P00462,0.0
M00967_P00463,6.27983999444006
M00967_P00465,6.470811179075539
M00967_P00468,6.177931231599654
M00967_P00625,0.0
M00967_P00630,6.2419437501302175
M00967_P00632,6.488990766670911
M00967_P00635,0.0
M00967_P00644,6.3526887824834555
M00967_P00645,7.147176821518922
M00967_P00650,6.429844695602714
M00968_P00529,6.139392479698517
M00968_P00535,0.0
M00968_P00536,6.012175313554689
M00968_P00542,6.00983953449138
M00968_P00543,0.0
M00968_P01020,0.0
M00968_P01034,5.911788552755822
M00968_P01037,5.896153481519845
M00968_P01038,5.892702727792325
M00969_P00079,6.727460244352482
M00969_P00082,0.0
M00969_P00087,0.0
M00969_P00097,6.235420569837366
M00969_P00102,5.947545617045141
M00969_P00443,0.0
M00969_P00448,0.0
M00969_P00452,0.0
M00969_P00462,0.0
M00969_P00463,6.479292403987549
M00969_P00465,0.0
M00969_P00468,6.405318912345455
M00970_P00368,6.009710258370748
M00970_P00372,6.6468086017139845
M00970_P00378,6.201229294456251
M00970_P00382,6.021313542158898
M00970_P00383,6.015513096176282
M00970_P00965,0.0
M00970_P00966,0.0
M00970_P00975,0.0
M00970_P00978,0.0
M00970_P00980,6.766043886916073
M00970_P00986,6.867883569203973
M00971_P00391,0.0
M00971_P00399,6.38136010230136
M00971_P00410,0.0
M00971_P00416,0.0
M00971_P01120,5.855511493536015
M00972_P00079,0.0
M00972_P00082,6.259747312482315
M00972_P00087,6.035859686050166
M00972_P00097,6.549007073394079
M00972_P00102,0.0
M00972_P00888,0.0
M00972_P00889,5.951090954330873
M00972_P00893,5.868713072008544
M00972_P00894,0.0
M00972_P00895,6.256632454727566
M00972_P00901,0.0
M00972_P00909,6.995322014674891
M00973_P00625,0.0
M00973_P00630,6.249493889205922
M00973_P00632,6.343598109250922
M00973_P00635,6.355462292696234
M00973_P00644,0.0
M00973_P00645,7.1643960357934615
M00973_P00650,0.0
M00973_P00940,5.877521301759291
M00973_P00948,6.256566928713339
M00973_P00950,6.16648559902358
M00973_P00951,0.0
M00973_P00959,5.938013515876985
M00973_P00962,0.0
M00974_P00287,0.0
M00974_P00290,6.006339016176441
M00974_P00291,6.063721114878941
M00974_P00295,7.057336773098749
M00974_P00297,0.0
M00974_P00298,6.194303351780401
M00974_P00299,6.021953996674507
M00974_P00304,6.0193185732162
M00974_P00307,6.467519217611946
M00974_P00309,0.0
M00974_P00310,0.0
M00974_P00423,6.893172213886202
M00974_P00424,0.0
M00974_P00425,6.232386070413363
M00974_P00426,0.0
M00974_P00431,5.856755209227453
M00974_P00436,6.276375845580421
M00974_P00440,0.0
M00975_P01146,7.104941363061483
M00975_P01157,0.0
M00975_P01166,6.294419852264594
M00975_P01169,5.894191549893224
M00975_P01223,6.03922098796187
M00975_P01234,0.0
M00975_P01236,0.0
M00975_P01241,0.0
M00975_P01242,6.0142860990615
M00976_P01146,0.0
M00976_P01157,0.0
M00976_P01166,6.272542454429805
M00976_P01169,5.841676329976231
M00976_P01177,6.246622351853083
M00976_P01182,0.0
M00976_P01184,5.810916783589139
M00976_P01193,5.817004385386412
M00976_P01196,0.0
M00977_P00313,0.0
M00977_P00324,6.349608694094615
M00977_P00329,6.021895437853123
M00977_P00333,6.33432874947248
M00977_P00334,6.417546393603198
M00977_P00940,5.874312933395406
M00977_P00948,6.18945607430885
M00977_P00950,6.653427476427975
M00977_P00951,6.228159327129749
M00977_P00959,0.0
M00977_P00962,6.680237117535091
M00978_P00287,5.872438818949237
M00978_P00290,5.828059443478419
M00978_P00291,5.86639487908231
M00978_P00295,6.964425240374007
M00978_P00297,5.758872393183303
M00978_P00298,0.0
M00978_P00299,5.892430982200282
M00978_P00304,5.943258455088778
M00978_P00307,6.203657082056042
M00978_P00309,0.0
M00978_P00310,6.257772705753813
M00978_P00835,6.138243198940015
M00978_P00840,5.843359411828555
M00978_P00844,5.888898609467713
M00978_P00847,0.0
M00978_P00848,0.0
M00978_P00856,0.0
M00979_P00079,6.645600658651501
M00979_P00082,6.551257280447382
M00979_P00087,6.0263709836603025
M00979_P00097,6.413377219460818
M00979_P00102,6.042966892127752
M00979_P00391,0.0
M00979_P00399,6.430289045842057
M00979_P00410,6.23596899772502
M00979_P00416,6.2069767955608635
M00980_P00032,0.0
M00980_P00044,6.584883923802429
M00980_P00045,5.947837229848549
M00980_P00050,0.0
M00980_P00052,6.6922963168789655
M00980_P00888,0.0
M00980_P00889,5.823610974570488
M00980_P00893,5.845844009531751
M00980_P00894,6.409249966836166
M00980_P00895,0.0
M00980_P00901,0.0
M00980_P00909,0.0
M00981_P00549,0.0
M00981_P00552,5.860011829372464
M00981_P00554,0.0
M00981_P00561,7.0723043573570035
M00981_P00562,5.896131846339495
M00981_P00568,5.917944096471224
M00981_P01041,0.0
M00981_P01042,0.0
M00981_P01048,6.127577647498392
M00981_P01049,7.1482512946957595
M00981_P01051,0.0
M00981_P01055,6.01956928440502
M00981_P01063,0.0
M00981_P01064,6.046608979077335
M00982_P00549,0.0
M00982_P00552,6.016749490785426
M00982_P00554,6.33113645498115
M00982_P00561,0.0
M00982_P00562,6.03918749249827
M00982_P00568,6.265265797542549
M00982_P01201,0.0
M00982_P01209,6.049119127177733
M00982_P01210,5.858780763900574
M00982_P01211,0.0
M00982_P01214,5.785199422502391
M00983_P00032,7.001244919108691
M00983_P00044,6.759212799304883
M00983_P00045,0.0
M00983_P00050,0.0
M00983_P00052,0.0
M00983_P00079,6.849526424176704
M00983_P00082,0.0
M00983_P00087,0.0
M00983_P00097,0.0
M00983_P00102,6.067483899402854
M00984_P00185,5.998631313911533
M00984_P00193,0.0
M00984_P00197,6.012958338029332
M00984_P00199,6.106674520996227
M00984_P00200,0.0
M00984_P00888,5.812783365826944
M00984_P00889,0.0
M00984_P00893,0.0
M00984_P00894,6.261214008173199
M00984_P00895,6.228473998768857
M00984_P00901,7.066810487286823
M00984_P00909,6.704201852784281
M00985_P00611,6.0230652120417645
M00985_P00618,0.0
M00985_P00619,0.0
M00985_P00622,0.0
M00985_P01201,6.03629058254318
M00985_P01209,5.87867526393602
M00985_P01210,5.8066938223789535
M00985_P01211,6.941644219636714
M00985_P01214,5.888389768955518
M00986_P00157,5.936680899140515
M00986_P00159,0.0
M00986_P00164,0.0
M00986_P00169,5.870011028244035
M00986_P00171,0.0
M00986_P00175,6.298055146979426
M00986_P00965,0.0
M00986_P00966,6.021238035397918
M00986_P00975,6.889801389844197
M00986_P00978,0.0
M00986_P00980,0.0
M00986_P00986,0.0
M00987_P00209,0.0
M00987_P00210,7.088293665790003
M00987_P00211,0.0
M00987_P00219,0.0
M00987_P00221,0.0
M00987_P00222,6.593682733209466
M00987_P00232,5.939353483006654
M00987_P00234,0.0
M00987_P00529,6.021257847575605
M00987_P00535,6.3550874049825214
M00987_P00536,6.616030479137264
M00987_P00542,0.0
M00987_P00543,0.0
M00988_P00807,6.217665237174246
M00988_P00812,7.14956595918378
M00988_P00819,5.874049994778626
M00988_P00826,6.204784633847515
M00988_P00827,6.781120264871825
M00988_P01041,6.191036826350934
M00988_P01042,0.0
M00988_P01048,6.181371586189816
M00988_P01049,7.011339492049175
M00988_P01051,6.408608316706385
M00988_P01055,6.014171584059177
M00988_P01063,0.0
M00988_P01064,0.0
M00989_P00287,0.0
M00989_P00290,5.811612351320158
M00989_P00291,6.016152316487179
M00989_P00295,7.095840012317976
M00989_P00297,5.887805857072141
M00989_P00298,0.0
M00989_P00299,5.827033218938271
M00989_P00304,0.0
M00989_P00307,6.225873701177719
M00989_P00309,6.550265226017468
M00989_P00310,0.0
M00989_P01201,5.896666592450122
M00989_P01209,0.0
M00989_P01210,5.803805217403086
M00989_P01211,0.0
M00989_P01214,0.0
M00990_P00368,6.017361138180512
M00990_P00372,6.845862417120925
M00990_P00378,6.267875373233007
M00990_P00382,0.0
M00990_P00383,6.0209750936561965
M00990_P01120,0.0
M00991_P00515,5.8562969886650365
M00991_P00625,6.2970179330092195
M00991_P00630,6.269702524736966
M00991_P00632,6.368582730804144
M00991_P00635,0.0
M00991_P00644,0.0
M00991_P00645,6.957802761565489
M00991_P00650,6.4793648273957185
M00992_P00209,5.867567531157387
M00992_P00210,0.0
M00992_P00211,0.0
M00992_P00219,0.0
M00992_P00221,6.2515895827661145
M00992_P00222,0.0
M00992_P00232,6.166122566228482
M00992_P00234,7.526032629316497
M00992_P00313,0.0
M00992_P00324,6.242731889117291
M00992_P00329,5.893375912812141
M00992_P00333,6.313070615504849
M00992_P00334,6.348068257582135
M00993_P00940,6.234742647957708
M00993_P00948,6.152090616101226
M00993_P00950,6.357327614314629
M00993_P00951,6.280703624595049
M00993_P00959,0.0
M00993_P00962,6.873821600870559
M00993_P01146,0.0
M00993_P01157,6.288357917751938
M00993_P01166,0.0
M00993_P01169,6.032331557733056
M00994_P00287,0.0
M00994_P00290,6.005871911324964
M00994_P00291,0.0
M00994_P00295,7.03029495942384
M00994_P00297,6.148378246210867
M00994_P00298,0.0
M00994_P00299,6.020359002849802
M00994_P00304,6.015401288649996
M00994_P00307,0.0
M00994_P00309,6.733063562582129
M00994_P00310,0.0
M00994_P01020,6.908728198970354
M00994_P01034,5.9204996010239235
M00994_P01037,5.967725409246641
M00994_P01038,6.009128573327797
M00995_P00940,6.003834996422706
M00995_P00948,6.338163863497252
M00995_P00950,0.0
M00995_P00951,6.402401544924541
M00995_P00959,6.018087401494217
M00995_P00962,0.0
M00995_P01041,0.0
M00995_P01042,0.0
M00995_P01048,6.012699517455839
M00995_P01049,0.0
M00995_P01051,6.228279531112281
M00995_P01055,5.879099150851446
M00995_P01063,5.863234146165922
M00995_P01064,5.858999518750741
M00996_P00241,0.0
M00996_P00244,5.887842058938188
M00996_P00245,6.030778913998957
M00996_P00248,0.0
M00996_P00255,6.788154349519343
M00996_P00260,0.0
M00996_P00574,0.0
M00996_P00579,0.0
M00996_P00582,6.310608562504984
M00996_P00584,6.469725657510754
M00996_P00586,0.0
M00996_P00590,0.0
M00997_P00391,0.0
M00997_P00399,0.0
M00997_P00410,6.559236742661218
M00997_P00416,0.0
M00997_P00611,0.0
M00997_P00618,6.247536951971638
M00997_P00619,6.0225993537060125
M00997_P00622,6.585716490347286
M00998_P00136,6.613669825148102
M00998_P00141,0.0
M00998_P00148,0.0
M00998_P00156,0.0
M00998_P01041,0.0
M00998_P01042,6.021348081079172
M00998_P01048,6.156275088768553
M00998_P01049,7.154477419719609
M00998_P01051,6.371417129385986
M00998_P01055,6.03202559788694
M00998_P01063,6.009014652991227
M00998_P01064,6.145190038293906
M00999_P00011,5.834494506937184
M00999_P00024,6.215856369112504
M00999_P00732,6.017077463574335
M00999_P00738,0.0
M00999_P00742,6.367160623156367
M00999_P00744,0.0
M00999_P00747,6.872584894865263
M00999_P00753,6.058518544283577
M01000_P00391,0.0
M01000_P00399,6.368730423651634
M01000_P00410,0.0
M01000_P00416,6.357256421313101
M01000_P01177,6.211365998448696
M01000_P01182,5.870530997414252
M01000_P01184,0.0
M01000_P01193,0.0
M01000_P01196,6.344374605512356
M01001_P00157,5.840175160176212
M01001_P00159,0.0
M01001_P00164,6.273592450991514
M01001_P00169,5.854038455375993
M01001_P00171,6.228629991171811
M01001_P00175,6.17365700631166
M01001_P00423,0.0
M01001_P00424,5.849812494090345
M01001_P00425,6.1706229127352765
M01001_P00426,0.0
M01001_P00431,6.0672250684879785
M01001_P00436,0.0
M01001_P00440,5.8806587325308435
M01002_P00079,0.0
M01002_P00082,0.0
M01002_P00087,6.033151442351334
M01002_P00097,6.365423112272466
M01002_P00102,6.381702973025187
M01002_P00655,6.088891360784222
M01002_P00662,5.902417390266711
M01002_P00666,6.179344929311461
M01002_P00668,0.0
M01002_P00669,0.0
M01002_P00673,6.268810718255946
M01002_P00674,5.904892740222488
M01003_P00266,6.379158668556945
M01003_P00271,6.412803030559644
M01003_P00278,6.734142092055191
M01003_P00286,0.0
M01003_P00705,5.856860787703585
M01003_P00707,6.3398796380531754
M01003_P00716,6.246566016255555
M01003_P00718,6.5422420280545275
M01003_P00724,5.872079730340382
M01003_P00728,0.0
M01004_P00574,0.0
M01004_P00579,0.0
M01004_P00582,0.0
M01004_P00584,6.578570938424535
M01004_P00586,0.0
M01004_P00590,6.819158456054452
M01004_P00922,6.28198900929272
M01004_P00927,5.871257583587103
M01004_P00931,0.0
M01004_P00935,6.280272034206713
M01005_P00782,0.0
M01005_P00786,0.0
M01005_P00788,7.07240210329382
M01005_P00797,0.0
M01005_P00803,6.25603439485623
M01005_P00965,6.432311426629546
M01005_P00966,5.894162329748899
M01005_P00975,6.903315923673517
M01005_P00978,0.0
M01005_P00980,0.0
M01005_P00986,0.0
M01006_P00266,0.0
M01006_P00271,0.0
M01006_P00278,0.0
M01006_P00286,0.0
M01006_P00761,6.3562763511192415
M01006_P00772,5.842064428042705
M01007_P00032,0.0
M01007_P00044,7.147389069046238
M01007_P00045,0.0
M01007_P00050,5.860689316736589
M01007_P00052,6.371122281902058
M01007_P00478,0.0
M01007_P00479,6.8542974981961775
M01007_P00486,6.6657204724154555
M01007_P00491,6.273182957597491
M01008_P00108,5.8493252772462645
M01008_P00110,0.0
M01008_P00114,6.894454213451995
M01008_P00124,6.268309675844907
M01008_P00129,5.907663735670922
M01008_P00157,5.865842151480946
M01008_P00159,0.0
M01008_P00164,0.0
M01008_P00169,0.0
M01008_P00171,6.2596359339656615
M01008_P00175,6.199375566702104
M01009_P00266,0.0
M01009_P00271,6.375594445240514
M01009_P00278,0.0
M01009_P00286,0.0
M01009_P00625,0.0
M01009_P00630,5.8782215306456
M01009_P00632,6.272615699877118
M01009_P00635,6.208222713901361
M01009_P00644,0.0
M01009_P00645,6.952247112017292
M01009_P00650,0.0
M01010_P00136,7.063671254167939
M01010_P00141,7.063493634794993
M01010_P00148,0.0
M01010_P00156,6.489112154691994
M01010_P00922,0.0
M01010_P00927,5.83080678881702
M01010_P00931,0.0
M01010_P00935,6.246162024058749
M01011_P00032,7.061946830128476
M01011_P00044,6.869437360209973
M01011_P00045,6.063328768618731
M01011_P00050,0.0
M01011_P00052,0.0
M01011_P01177,6.184276341423396
M01011_P01182,5.871416769153913
M01011_P01184,5.934322597894669
M01011_P01193,5.853839888350894
M01011_P01196,6.5782077519367155
M01012_P00705,0.0
M01012_P00707,6.365488994362438
M01012_P00716,6.75147588349051
M01012_P00718,6.7625086360683255
M01012_P00724,6.027924315643963
M01012_P00728,0.0
M01012_P00991,6.836201034374679
M01012_P00993,5.867160267678503
M01012_P00997,5.872737388253564
M01012_P01000,0.0
M01012_P01010,0.0
M01013_P00157,0.0
M01013_P00159,6.0350233509194595
M01013_P00164,6.351663469289418
M01013_P00169,0.0
M01013_P00171,6.3073681768370555
M01013_P00175,6.3532752137408135
M01013_P00574,5.870516959104231
M01013_P00579,0.0
M01013_P00582,0.0
M01013_P00584,6.24541382599082
M01013_P00586,5.896619369877978
M01013_P00590,0.0
M01014_P00678,0.0
M01014_P00679,0.0
M01014_P00680,5.924200798759903
M01014_P00681,0.0
M01014_P00683,6.230485701936202
M01014_P00694,6.223854571811549
M01014_P01177,0.0
M01014_P01182,0.0
M01014_P01184,6.006576385380493
M01014_P01193,0.0
M01014_P01196,6.531603906394986
M01015_P00478,6.034448820301176
M01015_P00479,6.739050391820172
M01015_P00486,6.371701796869724
M01015_P00491,6.25754164080137
M01015_P01099,0.0
M01015_P01107,0.0
M01015_P01108,7.21593636926307
M01015_P01109,0.0
M01015_P01114,6.1744293796374565
M01015_P01118,6.785174671215441
M01016_P00079,0.0
M01016_P00082,6.152673505038132
M01016_P00087,5.866883574171222
M01016_P00097,6.277405627449411
M01016_P00102,5.886078074940785
M01016_P00157,0.0
M01016_P00159,0.0
M01016_P00164,0.0
M01016_P00169,6.020098810465523
M01016_P00171,0.0
M01016_P00175,6.07822049459615
M01017_P00079,6.596379788266638
M01017_P00082,6.362093304525895
M01017_P00087,0.0
M01017_P00097,6.485025191395224
M01017_P00102,0.0
M01017_P00241,0.0
M01017_P00244,5.8355738562070725
M01017_P00245,6.2508734422051395
M01017_P00248,0.0
M01017_P00255,0.0
M01017_P00260,6.3737038858901345
M01018_P00136,7.0310257367862405
M01018_P00141,6.9340617443328645
M01018_P00148,5.757157308976726
M01018_P00156,6.246116535198999
M01018_P00705,0.0
M01018_P00707,6.254394561287947
M01018_P00716,0.0
M01018_P00718,6.612218959525576
M01018_P00724,5.982199809606173
M01018_P00728,0.0
M01019_P00157,0.0
M01019_P00159,6.032634846342777
M01019_P00164,0.0
M01019_P00169,6.016220476424707
M01019_P00171,6.632254028428832
M01019_P00175,0.0
M01019_P00313,0.0
M01019_P00324,5.919480841137986
M01019_P00329,0.0
M01019_P00333,6.42128180430013
M01019_P00334,6.303005570436804
M01020_P00266,6.359601397175023
M01020_P00271,0.0
M01020_P00278,6.82482855250888
M01020_P00286,6.389208638507422
M01020_P01070,5.87030219519873
M01020_P01074,0.0
M01020_P01082,0.0
M01021_P00185,0.0
M01021_P00193,6.130781723492458
M01021_P00197,0.0
M01021_P00199,0.0
M01021_P00200,5.8807426668846
M01021_P00782,0.0
M01021_P00786,6.043182712457572
M01021_P00788,0.0
M01021_P00797,6.3685142073795085
M01021_P00803,0.0
M01022_P00782,6.327840887841582
M01022_P00786,0.0
M01022_P00788,6.9792534458025886
M01022_P00797,6.381196384208921
M01022_P00803,0.0
M01022_P00835,6.183856540809049
M01022_P00840,0.0
M01022_P00844,6.00983471113591
M01022_P00847,5.984417886530322
M01022_P00848,5.866857542975615
M01022_P00856,0.0
M01023_P00136,0.0
M01023_P00141,0.0
M01023_P00148,0.0
M01023_P00156,6.32836634057696
M01023_P01099,6.324770668848563
M01023_P01107,5.873883578452475
M01023_P01108,6.671726938820045
M01023_P01109,0.0
M01023_P01114,0.0
M01023_P01118,6.775264344463635
M01024_P00287,6.0185255611503
M01024_P00290,6.01098043873105
M01024_P00291,6.037138508352438
M01024_P00295,7.077484080537764
M01024_P00297,6.014940224750438
M01024_P00298,6.0816125930956755
M01024_P00299,0.0
M01024_P00304,0.0
M01024_P00307,6.4338522143845545
M01024_P00309,0.0
M01024_P00310,6.419225831835693
M01024_P00625,0.0
M01024_P00630,5.885143323022964
M01024_P00632,6.154964730473449
M01024_P00635,6.159459117249205
M01024_P00644,6.899947882758818
M01024_P00645,0.0
M01024_P00650,0.0
M01025_P00287,0.0
M01025_P00290,0.0
M01025_P00291,5.781253985159882
M01025_P00295,0.0
M01025_P00297,5.885552014211575
M01025_P00298,5.876971985797561
M01025_P00299,5.872161363693977
M01025_P00304,5.851190611910311
M01025_P00307,6.242832270417406
M01025_P00309,0.0
M01025_P00310,0.0
M01025_P00761,6.326153081528226
M01025_P00772,6.049457263821734
M01026_P00732,5.838046475421838
M01026_P00738,5.885393886592953
M01026_P00742,6.10895710731054
M01026_P00744,0.0
M01026_P00747,0.0
M01026_P00753,0.0
M01026_P00782,0.0
M01026_P00786,5.926927380850753
M01026_P00788,0.0
M01026_P00797,6.199020537374067
M01026_P00803,0.0
M01027_P00443,0.0
M01027_P00448,6.029364834809411
M01027_P00452,6.016355905680297
M01027_P00462,6.435630483900155
M01027_P00463,0.0
M01027_P00465,6.43819639193867
M01027_P00468,6.441399366512451
M01027_P00965,6.209952275822467
M01027_P00966,0.0
M01027_P00975,6.78644145068206
M01027_P00978,6.768312763593567
M01027_P00980,0.0
M01027_P00986,6.913574601035668
M01028_P01099,0.0
M01028_P01107,0.0
M01028_P01108,6.756276743870139
M01028_P01109,6.303976677894716
M01028_P01114,0.0
M01028_P01118,0.0
M01028_P01146,0.0
M01028_P01157,0.0
M01028_P01166,6.225813720127997
M01028_P01169,0.0
M01029_P00574,0.0
M01029_P00579,6.23568209953305
M01029_P00582,0.0
M01029_P00584,5.951371266902323
M01029_P00586,5.9553878765757995
M01029_P00590,6.753532668875445
M01029_P01099,6.305688476098967
M01029_P01107,5.865060657159975
M01029_P01108,6.605725792313048
M01029_P01109,0.0
M01029_P01114,0.0
M01029_P01118,6.253628751184614
M01030_P00368,5.876530985353705
M01030_P00372,7.008953505167375
M01030_P00378,0.0
M01030_P00382,5.877384409824998
M01030_P00383,5.865598846996262
M01030_P00965,0.0
M01030_P00966,0.0
M01030_P00975,6.849682525794083
M01030_P00978,0.0
M01030_P00980,6.347139082966378
M01030_P00986,7.01167686949471
M01031_P00625,0.0
M01031_P00630,6.262720193562908
M01031_P00632,0.0
M01031_P00635,6.655888706512717
M01031_P00644,6.456442635988368
M01031_P00645,6.981418180796091
M01031_P00650,0.0
M01031_P00888,0.0
M01031_P00889,5.852713369077145
M01031_P00893,5.8787527908151205
M01031_P00894,6.26059087963366
M01031_P00895,6.221473674071718
M01031_P00901,0.0
M01031_P00909,0.0
M01032_P00391,0.0
M01032_P00399,0.0
M01032_P00410,6.4914532032002175
M01032_P00416,6.365806646894349
M01032_P00940,5.88571330918889
M01032_P00948,6.203715982100051
M01032_P00950,6.180367275802751
M01032_P00951,0.0
M01032_P00959,0.0
M01032_P00962,0.0
M01033_P00136,0.0
M01033_P00141,0.0
M01033_P00148,5.866687348360699
M01033_P00156,6.535458403958899
M01033_P00678,0.0
M01033_P00679,6.981186926690115
M01033_P00680,0.0
M01033_P00681,6.151005703378181
M01033_P00683,6.4049005939440375
M01033_P00694,6.408109283727791
M01034_P00835,0.0
M01034_P00840,5.885408252751281
M01034_P00844,0.0
M01034_P00847,5.832021282770195
M01034_P00848,5.849749804769623
M01034_P00856,6.2724361983272425
M01034_P00965,6.585234495867832
M01034_P00966,0.0
M01034_P00975,6.821153552585962
M01034_P00978,7.0628620679780685
M01034_P00980,6.225820047090085
M01034_P00986,0.0
M01035_P00185,0.0
M01035_P00193,0.0
M01035_P00197,0.0
M01035_P00199,6.000039129864309
M01035_P00200,6.373584374505019
M01035_P00761,6.257464403514011
M01035_P00772,0.0
M01036_P00313,6.376781531271043
M01036_P00324,6.288565239621466
M01036_P00329,6.017679518778701
M01036_P00333,0.0
M01036_P00334,0.0
M01036_P00345,0.0
M01036_P00347,6.157529182862336
M01036_P00351,0.0
M01036_P00353,0.0
M01036_P00359,0.0
M01036_P00362,5.890417152896405
M01037_P00136,0.0
M01037_P00141,7.2264903466710155
M01037_P00148,5.880340362229041
M01037_P00156,6.265869032997885
M01037_P00705,0.0
M01037_P00707,6.615596600757659
M01037_P00716,0.0
M01037_P00718,6.874804914939656
M01037_P00724,0.0
M01037_P00728,0.0
M01038_P00313,6.215156433092884
M01038_P00324,0.0
M01038_P00329,5.820537581510792
M01038_P00333,6.405953371599785
M01038_P00334,6.315517598327951
M01038_P01070,6.02120709276081
M01038_P01074,6.305583055813279
M01038_P01082,5.9956033317712105
M01039_P00529,6.033839707619171
M01039_P00535,6.009223452192447
M01039_P00536,6.010425029660067
M01039_P00542,6.009427220231805
M01039_P00543,0.0
M01039_P01223,0.0
M01039_P01234,0.0
M01039_P01236,0.0
M01039_P01241,6.284028710157951
M01039_P01242,5.857357283642304
M01040_P00625,0.0
M01040_P00630,6.253567286634937
M01040_P00632,0.0
M01040_P00635,6.386627149563676
M01040_P00644,6.397562449647768
M01040_P00645,6.894469937299021
M01040_P00650,6.755201681647568
M01040_P00940,0.0
M01040_P00948,6.2752377589144235
M01040_P00950,6.340003132203069
M01040_P00951,0.0
M01040_P00959,5.854889100347362
M01040_P00962,6.734860069207499
M01041_P00443,6.319494439777569
M01041_P00448,6.003270731956847
M01041_P00452,6.014570141619224
M01041_P00462,6.8372375350071
M01041_P00463,6.834582055625292
M01041_P00465,0.0
M01041_P00468,0.0
M01041_P00888,0.0
M01041_P00889,0.0
M01041_P00893,6.244484092132941
M01041_P00894,0.0
M01041_P00895,0.0
M01041_P00901,7.0525199995211665
M01041_P00909,0.0
M01042_P01020,0.0
M01042_P01034,0.0
M01042_P01037,5.8465761734865
M01042_P01038,0.0
M01042_P01146,0.0
M01042_P01157,0.0
M01042_P01166,0.0
M01042_P01169,0.0
M01043_P00185,5.879023196712663
M01043_P00193,0.0
M01043_P00197,5.8660397995121905
M01043_P00199,5.8030140594743855
M01043_P00200,0.0
M01043_P00705,5.836619325677198
M01043_P00707,0.0
M01043_P00716,6.402666821229846
M01043_P00718,0.0
M01043_P00724,0.0
M01043_P00728,6.307127601749146
M01044_P00940,6.041971970041086
M01044_P00948,6.394030210429399
M01044_P00950,6.328810061314815
M01044_P00951,0.0
M01044_P00959,0.0
M01044_P00962,7.041097271936021
M01044_P00991,0.0
M01044_P00993,5.904631326326728
M01044_P00997,5.956287843631908
M01044_P01000,0.0
M01044_P01010,6.21348848658617
M01045_P00157,5.9625393996613685
M01045_P00159,0.0
M01045_P00164,6.265543743358835
M01045_P00169,5.834471597286434
M01045_P00171,0.0
M01045_P00175,6.236849346518337
M01045_P00965,6.324780330873908
M01045_P00966,6.039179730530517
M01045_P00975,0.0
M01045_P00978,7.038725769816924
M01045_P00980,0.0
M01045_P00986,0.0
M01046_P00478,6.2806298242481935
M01046_P00479,7.011698894311114
M01046_P00486,6.785903961241229
M01046_P00491,0.0
M01046_P00922,6.236203547093404
M01046_P00927,5.873020613345878
M01046_P00931,5.8368967727461385
M01046_P00935,6.2789936648391524
M01047_P00423,6.588159791258613
M01047_P00424,5.850459753318485
M01047_P00425,0.0
M01047_P00426,0.0
M01047_P00431,5.992755523786369
M01047_P00436,6.279043053139776
M01047_P00440,5.89665286258047
M01047_P00655,6.224318180293727
M01047_P00662,6.0347050141700604
M01047_P00666,6.354031229467037
M01047_P00668,0.0
M01047_P00669,6.380674754040942
M01047_P00673,6.654846172436689
M01047_P00674,6.0930049998199936
M01048_P00940,6.069198221128255
M01048_P00948,0.0
M01048_P00950,6.5113869755517815
M01048_P00951,0.0
M01048_P00959,0.0
M01048_P00962,6.792698538504187
M01048_P01020,7.01253552532417
M01048_P01034,6.0251189516491
M01048_P01037,0.0
M01048_P01038,5.876967992734839
M01049_P00287,0.0
M01049_P00290,0.0
M01049_P00291,5.8480378596031
M01049_P00295,0.0
M01049_P00297,5.827961754817312
M01049_P00298,5.847486905299357
M01049_P00299,5.884492845695474
M01049_P00304,5.888641526488293
M01049_P00307,6.336450779768355
M01049_P00309,0.0
M01049_P00310,6.140992413257468
M01049_P00478,0.0
M01049_P00479,6.798153097456557
M01049_P00486,0.0
M01049_P00491,6.036324632253158
M01050_P00991,0.0
M01050_P00993,5.969903494341305
M01050_P00997,6.015120041427423
M01050_P01000,6.51509946030988
M01050_P01010,6.464345076770639
M01050_P01020,6.766084290615701
M01050_P01034,0.0
M01050_P01037,5.888394305110208
M01050_P01038,0.0
